"Address","PSI Status","PSI Error"
"https://sanatkaravani.com/","",""
"https://sanatkaravani.com/category/mimari/","",""
"https://sanatkaravani.com/fotografin-etnologu-ferdinando-scianna/","",""
"https://sanatkaravani.com/bir-dansa-davet-manifestosu-korkutuk/","",""
"https://sanatkaravani.com/cennetten-gelen-bir-ses-anneke/","",""
"https://sanatkaravani.com/mutlu-ask-yoktur-louis-aragon/","",""
"https://sanatkaravani.com/evrensel-ezgileriyle-genc-muzisyenlerin-ilham-kaynagi-alper-tuzcu/","",""
"https://sanatkaravani.com/author/admin/","",""
"https://sanatkaravani.com/genis-genis-bir-deniz-jean-rhys/","",""
"https://sanatkaravani.com/degisen-endustriyel-dunyayi-kadrajina-alan-fotografci-emil-otto-hoppe/","",""
"https://sanatkaravani.com/progresif-rockin-dahileri-dream-theather/","",""
"https://sanatkaravani.com/dunya-dillerini-sarkilarinda-bulusturan-sanatci-cigdem-aslan/","",""
"https://sanatkaravani.com/category/liste/","",""
"https://sanatkaravani.com/lanetlenmis-bir-sirk-bandosu-ghost/","",""
"https://sanatkaravani.com/iletisim/","",""
"https://sanatkaravani.com/mimar-sinan-ve-gunumuz-istanbul-silueti/","",""
"https://sanatkaravani.com/yazarlarimiz/","",""
"https://sanatkaravani.com/category/sinema/","",""
"https://sanatkaravani.com/hakkimizda/","",""
"https://sanatkaravani.com/category/fotograf/","",""
"https://sanatkaravani.com/category/resim/","",""
"https://sanatkaravani.com/category/gundem/","",""
"https://sanatkaravani.com/category/genel/","",""
"https://sanatkaravani.com/category/muzik/","",""
"https://sanatkaravani.com/author/ahuakkaya/","",""
"https://sanatkaravani.com/category/heykel/","",""
"https://sanatkaravani.com/2021-siena-uluslararasi-fotograf-yarismasi-kazananlari/","",""
"https://sanatkaravani.com/geride-kalanlarin-yolculugu-drive-my-car/","",""
"https://sanatkaravani.com/author/figencelebi/","",""
"https://sanatkaravani.com/yasama-istegi-uzerine-matt-haig/","",""
"https://sanatkaravani.com/70ler-80ler-ve-90larin-populer-yabanci-sarkilari/","",""
"https://sanatkaravani.com/author/kubragaburga/","",""
"https://sanatkaravani.com/italyan-yeni-gercekciliginde-bir-fotografci-mario-de-biasi/","",""
"https://sanatkaravani.com/gonul-ehli-bir-grunger-dervis-eddie-vedder/","",""
"https://sanatkaravani.com/author/aylinasar/","",""
"https://sanatkaravani.com/humanist-fotografciligin-yaratici-kadini-sabine-weiss/","",""
"https://sanatkaravani.com/buyulu-gercekligin-pesinde-bir-yazar-mo-yan/","",""
"https://sanatkaravani.com/category/edebiyat/","",""
"https://sanatkaravani.com/zebercet-ya-da-modern-dekadansin-oykusu/","",""
"https://sanatkaravani.com/yalnizlik-varolussaldir-peyami-safa/","",""
"https://sanatkaravani.com/alternatif-bagimsiz-sarki-listesi/","",""
"https://sanatkaravani.com/modern-dunyada-vampir-olmak-yalniz-asiklar-hayatta-kalir/","",""
"https://sanatkaravani.com/author/lidya/","",""
"https://sanatkaravani.com/author/sevilates/","",""
"https://sanatkaravani.com/category/seyahat/","",""
"https://sanatkaravani.com/savasin-ve-yikimlarin-ortasinda-bir-fotografci-dmitri-kessel/","",""
"https://sanatkaravani.com/yazarlik-basvurusu/","",""
"https://sanatkaravani.com/dogu-asyanin-ilginc-mimarisi-bilim-cagi-guangzhou/","",""
"https://sanatkaravani.com/bir-ortacag-kilisesi-bernardine/","",""
"https://sanatkaravani.com/thomas-jorionun-gozunden-terk-edilmis-saraylar/","",""
"https://sanatkaravani.com/category/mimari/page/2/","",""
"https://sanatkaravani.com/avrupanin-en-bilinen-15-kilisesi/","",""
"https://sanatkaravani.com/author/utkukahraman/","",""
"https://sanatkaravani.com/eyfel-kulesini-satan-bir-dolandirici-victor-lustig/","",""
"https://sanatkaravani.com/etiyopyanin-kudusu-lalibela-kaya-oyma-kiliseleri/","",""
"https://sanatkaravani.com/category/yasam/","",""
"https://sanatkaravani.com/author/oykumkutuk/","",""
"https://sanatkaravani.com/gecmisten-gunumuze-sanat-akimlari/","",""
"https://sanatkaravani.com/author/seymaizler/","",""
"https://sanatkaravani.com/oyle-olmak-mi-oyle-gozukmek-mi-berlin-katedrali/","",""
"https://sanatkaravani.com/kadimlerin-sistine-sapeli-amazonun-uyur-guzeli/","",""
"https://sanatkaravani.com/tag/sanat-karavani/","",""
"https://sanatkaravani.com/tag/fotograf/","",""
"https://sanatkaravani.com/tag/ferdinando-scianna/","",""
"https://sanatkaravani.com/tag/sanat/","",""
"https://sanatkaravani.com/tag/another-round/","",""
"https://sanatkaravani.com/tag/korkutuk/","",""
"https://sanatkaravani.com/tag/film/","",""
"https://sanatkaravani.com/tag/muzik/","",""
"https://sanatkaravani.com/tag/anna-maria-van-giersbergen/","",""
"https://sanatkaravani.com/tag/anneke/","",""
"https://sanatkaravani.com/yil-biterken-2021-enleri/","",""
"https://sanatkaravani.com/tag/edebiyat/","",""
"https://sanatkaravani.com/tag/alper-tuzcu/","",""
"https://sanatkaravani.com/fotograflar-her-seyi-eskitir-robert-frank/","",""
"https://sanatkaravani.com/tag/louis-aragon/","",""
"https://sanatkaravani.com/netflix-turkiye-ekim-2021-takvimi/","",""
"https://sanatkaravani.com/bir-intikam-hikayesi-alef/","",""
"https://sanatkaravani.com/category/dizi/","",""
"https://sanatkaravani.com/2021-drone-fotograf-yarismasindan-odullu-kareler/","",""
"https://sanatkaravani.com/tag/jean-rhys/","",""
"https://sanatkaravani.com/tag/emil-otto-hoppe/","",""
"https://sanatkaravani.com/hayata-tutunmaya-calisanlarin-sesi-ken-loach/","",""
"https://sanatkaravani.com/tag/dream-theather/","",""
"https://sanatkaravani.com/tag/space-dye-vest/","",""
"https://sanatkaravani.com/beni-olmak-acisiyla-yalniz-birak-sohrab-sepehri/","",""
"https://sanatkaravani.com/tag/scenes-from-a-memory/","",""
"https://sanatkaravani.com/tag/genis-genis-bir-deniz/","",""
"https://sanatkaravani.com/tag/cigdem-aslan/","",""
"https://sanatkaravani.com/tam-70-yil-oldu-yilan-hala-olmedi-yasar-kemal-yilani-oldurseler/","",""
"https://sanatkaravani.com/dunyanin-gunumuzdeki-en-unlu-20-lokasyonu/","",""
"https://sanatkaravani.com/tag/progresif-rock/","",""
"https://sanatkaravani.com/izlemeye-doyamadigimiz-30-cnbc-e-dizisi/","",""
"https://sanatkaravani.com/category/liste/page/2/","",""
"https://sanatkaravani.com/italyanin-az-bilinen-7-sahil-kasabasi/","",""
"https://sanatkaravani.com/izlemeniz-gereken-10-bilim-kurgu-dizisi/","",""
"https://sanatkaravani.com/tarihe-damga-vurmus-en-unlu-20-heykel/","",""
"https://sanatkaravani.com/tum-zamanlarin-en-unlu-20-ressami-ve-populer-tablolari/","",""
"https://sanatkaravani.com/gecmisten-gunumuze-efsanevi-yonetmenler-ve-filmleri/","",""
"https://sanatkaravani.com/category/liste/page/3/","",""
"https://sanatkaravani.com/tag/papa-emeritus/","",""
"https://sanatkaravani.com/tag/ghost-band/","",""
"https://sanatkaravani.com/evreni-anlamaniza-yardimci-olacak-25-populer-bilim-kitabi/","",""
"https://sanatkaravani.com/tag/mimar-sinan/","",""
"https://sanatkaravani.com/tag/istanbul/","",""
"https://sanatkaravani.com/category/bilim/","",""
"https://sanatkaravani.com/author/janberkatici/","",""
"https://sanatkaravani.com/author/safakgulpinar/","",""
"https://sanatkaravani.com/author/alikaptan/","",""
"https://sanatkaravani.com/author/pinardemir/","",""
"https://sanatkaravani.com/author/soykankomurcu/","",""
"https://sanatkaravani.com/author/aslihanyildiz/","",""
"https://sanatkaravani.com/var-olmak-dayanilmaz-bir-agirliktir-kefernahum/","",""
"https://sanatkaravani.com/author/haticeuzunoglu/","",""
"https://sanatkaravani.com/ulasilamayacak-bir-hayalin-pesinden-kosmak-david-lynch/","",""
"https://sanatkaravani.com/olum-huzura-giden-yoldur-the-fountain-kaynak/","",""
"https://sanatkaravani.com/var-olmanin-mutsuzlugu-uzerine-bir-film-sonsuzluk-uzerine/","",""
"https://sanatkaravani.com/filme-gitmeden-once-dune-evreni/","",""
"https://sanatkaravani.com/isigin-getirdigi-olum-the-lighthouse/","",""
"https://sanatkaravani.com/category/fotograf/page/14/","",""
"https://sanatkaravani.com/toplumsal-bellegi-aciga-cikarmak-patrick-zahmann/","",""
"https://sanatkaravani.com/__trashed-3/","",""
"https://sanatkaravani.com/category/sinema/page/2/","",""
"https://sanatkaravani.com/category/fotograf/page/2/","",""
"https://sanatkaravani.com/category/sinema/page/5/","",""
"https://sanatkaravani.com/iyi-fotograflar-hayatin-ozunden-bir-seyler-anlatir-bert-hardy/","",""
"https://sanatkaravani.com/bir-kadinin-huznunu-resme-sigdirmak-bakmak-ve-gormek-arasinda-ramon-casas/","",""
"https://sanatkaravani.com/category/fotograf/page/3/","",""
"https://sanatkaravani.com/category/resim/page/2/","",""
"https://sanatkaravani.com/alexandre-cabanel-ve-dusen-bir-melegi-anlamak/","",""
"https://sanatkaravani.com/unlu-ressamlarin-eserlerini-kolay-anlama-kilavuzu-ii/","",""
"https://sanatkaravani.com/unlu-ressamlarin-eserlerini-kolay-anlama-kilavuzu-i/","",""
"https://sanatkaravani.com/cagdas-turk-resim-tarihi-gelisimi-ressamlar-ve-eserleri/","",""
"https://sanatkaravani.com/pistoletto-ve-yoksul-sanat/","",""
"https://sanatkaravani.com/oglunu-oldurmek-ilya-repin/","",""
"https://sanatkaravani.com/category/resim/page/5/","",""
"https://sanatkaravani.com/category/resim/page/3/","",""
"https://sanatkaravani.com/aya-kendisiyle-birlikte-dunyadan-8-sanatciyi-goturecek-adam-yusaku-maezawa/","",""
"https://sanatkaravani.com/seyredilene-bakmak-leon-gerome/","",""
"https://sanatkaravani.com/memlekette-zelzele-disarida-harp-ben-sana-asigim-sait-faik/","",""
"https://sanatkaravani.com/kusurlarin-guzelligi-kintsugi/","",""
"https://sanatkaravani.com/category/genel/page/2/","",""
"https://sanatkaravani.com/category/tasarim/","",""
"https://sanatkaravani.com/bir-fotografa-tum-yasanmisliklari-sigdirmak-kazuo-kitai/","",""
"https://sanatkaravani.com/vincent-van-goghun-kesik-kulaginin-gizemi/","",""
"https://sanatkaravani.com/fotograf-bir-adanma-bicimidir-artur-pastor/","",""
"https://sanatkaravani.com/japon-sanati-bon-sai/","",""
"https://sanatkaravani.com/arno-gruen-normalligin-deliligi/","",""
"https://sanatkaravani.com/modern-hayati-reddenler-amish-toplumu/","",""
"https://sanatkaravani.com/tiptan-sanata-anatomik-nakis-amber-griffiths/","",""
"https://sanatkaravani.com/sezgi-olmadan-sanat-olmaz-edward-hartwig/","",""
"https://sanatkaravani.com/unlu-klasik-muzik-eserlerinin-uretim-hikayeleri/","",""
"https://sanatkaravani.com/independenta-gore-en-iyi-40-album/","",""
"https://sanatkaravani.com/author/ahuakkaya/page/2/","",""
"https://sanatkaravani.com/erdil-yasaroglunun-ilk-sergisi-oyun/","",""
"https://sanatkaravani.com/ilk-anitsal-nu-heykeli-knidos-afroditi/","",""
"https://sanatkaravani.com/category/sinema/page/3/","",""
"https://sanatkaravani.com/theo-angelopoulosla-sinemasal-zaman-yolculugu/","",""
"https://sanatkaravani.com/sokak-sanatini-mitolojiyle-harmanlayan-ikili-pichi-avo/","",""
"https://sanatkaravani.com/zhanna-kadyrovanin-domestik-heykelleri/","",""
"https://sanatkaravani.com/category/heykel/page/2/","",""
"https://sanatkaravani.com/insanligin-degerlerini-simgeleyen-devasa-eller-lorenzo-quinn/","",""
"https://sanatkaravani.com/tarihi-algiyi-yeniden-sekillendiren-uraldaki-erken-sanat-eseri-shigir-idolu/","",""
"https://sanatkaravani.com/bir-huznun-hikayesi-60-cift-ayakkabi/","",""
"https://sanatkaravani.com/bobinskinin-adasi-etkilesimli-kinetik-heykel/","",""
"https://sanatkaravani.com/tag/fotograf-yarismasi/","",""
"https://sanatkaravani.com/tag/siena/","",""
"https://sanatkaravani.com/category/muzik/page/3/","",""
"https://sanatkaravani.com/tag/haruki-murakami/","",""
"https://sanatkaravani.com/tag/oscars/","",""
"https://sanatkaravani.com/category/muzik/page/2/","",""
"https://sanatkaravani.com/tag/drive-my-car/","",""
"https://sanatkaravani.com/ey-kor-ac-gozunu-de-duslerden-uyan-ihsan-oktay-anar/","",""
"https://sanatkaravani.com/b-russell-mutlu-olmak-hala-mumkun-mudur/","",""
"https://sanatkaravani.com/hayat-yolunda-dumenini-kiran-bir-denizci-martin-eden/","",""
"https://sanatkaravani.com/kendi-pesimi-bile-biraktim-sait-faik-abasiyanik/","",""
"https://sanatkaravani.com/author/figencelebi/page/2/","",""
"https://sanatkaravani.com/butun-omrum-bir-mercimek-corbasina-fedadir-knut-hamsun/","",""
"https://sanatkaravani.com/yasamak-yeterince-zor-olmekse-buyuk-is-john-fante/","",""
"https://sanatkaravani.com/sonuna-kadar-git-be-insan-zorba/","",""
"https://sanatkaravani.com/tag/matt-haig/","",""
"https://sanatkaravani.com/tag/gece-yarisi-kutuphanesi/","",""
"https://sanatkaravani.com/her-kadinin-gonlunde-bir-fasist-yatar-sylvia-plath/","",""
"https://sanatkaravani.com/tag/sylvia-plath/","",""
"https://sanatkaravani.com/tag/queen/","",""
"https://sanatkaravani.com/neyiz-biz-insan-mi-hayvan-mi-william-golding/","",""
"https://sanatkaravani.com/tag/kool-and-the-gang/","",""
"https://sanatkaravani.com/tag/abba/","",""
"https://sanatkaravani.com/tag/bee-gees/","",""
"https://sanatkaravani.com/tag/boney-m/","",""
"https://sanatkaravani.com/ey-tanri-ne-yazik-ki-sana-yabancidir-benim-aglamalarim-furug-ferruhzad/","",""
"https://sanatkaravani.com/tag/modern-talking/","",""
"https://sanatkaravani.com/author/kubragaburga/page/2/","",""
"https://sanatkaravani.com/osmanlida-bati-tiyatrosunun-tarihi-ve-gelisimi/","",""
"https://sanatkaravani.com/iskandinav-norse-mitolojisi-baslica-tanrilar-tanricalar-ve-efsaneler/","",""
"https://sanatkaravani.com/fevkalade-doneme-mustesna-bakis-kulup/","",""
"https://sanatkaravani.com/category/tiyatro/","",""
"https://sanatkaravani.com/author/kubragaburga/page/7/","",""
"https://sanatkaravani.com/author/kubragaburga/page/3/","",""
"https://sanatkaravani.com/tag/kurt-cobain/","",""
"https://sanatkaravani.com/tag/metallica/","",""
"https://sanatkaravani.com/tag/iron-maiden/","",""
"https://sanatkaravani.com/tag/mario-de-biasi/","",""
"https://sanatkaravani.com/tag/italyan-yeni-gercekciligi/","",""
"https://sanatkaravani.com/author/aylinasar/page/3/","",""
"https://sanatkaravani.com/author/aylinasar/page/2/","",""
"https://sanatkaravani.com/tag/grunge/","",""
"https://sanatkaravani.com/tag/eddie-vedder/","",""
"https://sanatkaravani.com/aynanin-soylediklerine-kulak-ver-persona/","",""
"https://sanatkaravani.com/tag/humanist-fotografcilik/","",""
"https://sanatkaravani.com/tag/sabine-weiss/","",""
"https://sanatkaravani.com/tanrinin-yarattigi-sonsuzluk-zaman/","",""
"https://sanatkaravani.com/tag/kadin-fotografci/","",""
"https://sanatkaravani.com/pasif-bir-nihilizm-bicimi-olarak-oblomovluk/","",""
"https://sanatkaravani.com/bu-siirin-bitmesini-istemiyorum-mahmud-dervis/","",""
"https://sanatkaravani.com/tag/mo-yan/","",""
"https://sanatkaravani.com/tag/kizil-dari-tarlalari/","",""
"https://sanatkaravani.com/category/edebiyat/page/8/","",""
"https://sanatkaravani.com/tag/dekadans/","",""
"https://sanatkaravani.com/tag/zebercet/","",""
"https://sanatkaravani.com/tag/yusuf-atilgan/","",""
"https://sanatkaravani.com/category/edebiyat/page/3/","",""
"https://sanatkaravani.com/tag/anayurt-oteli/","",""
"https://sanatkaravani.com/tag/peyami-safa/","",""
"https://sanatkaravani.com/category/edebiyat/page/2/","",""
"https://sanatkaravani.com/tag/yalnizlik/","",""
"https://sanatkaravani.com/tag/rock/","",""
"https://sanatkaravani.com/tag/folk/","",""
"https://sanatkaravani.com/tag/pop/","",""
"https://sanatkaravani.com/tag/yalniz-asiklar-hayatta-kalir/","",""
"https://sanatkaravani.com/tag/only-lovers-left-alive/","",""
"https://sanatkaravani.com/sehrimin-tadi-kurtulus-semti/","",""
"https://sanatkaravani.com/kahve-kokulu-yesil-kasaba-salento/","",""
"https://sanatkaravani.com/author/lidya/page/2/","",""
"https://sanatkaravani.com/askeri-bir-us-iken-sanatin-ozgur-kalesine-donusmus-metelkova-2/","",""
"https://sanatkaravani.com/tag/jim-jarmusch/","",""
"https://sanatkaravani.com/zamana-taniklik-edip-yolumuza-isik-tutan-edebiyat-dergilerimiz/","",""
"https://sanatkaravani.com/ukraynanin-avrupai-ve-masalsi-sehri-lviv/","",""
"https://sanatkaravani.com/pugliada-konik-bir-beyaz-kasaba-alberobello/","",""
"https://sanatkaravani.com/author/lidya/page/3/","",""
"https://sanatkaravani.com/kendi-tanrisini-arayanlarin-grotesk-filmi-el-topo/","",""
"https://sanatkaravani.com/author/sevilates/page/19/","",""
"https://sanatkaravani.com/author/sevilates/page/3/","",""
"https://sanatkaravani.com/author/sevilates/page/2/","",""
"https://sanatkaravani.com/tum-yenilmislerin-temsil-edildigi-bir-arena-boga-guresleri-el-toro/","",""
"https://sanatkaravani.com/category/seyahat/page/3/","",""
"https://sanatkaravani.com/evden-gezebileceginiz-online-muze-ve-yerler/","",""
"https://sanatkaravani.com/tag/dmitri-kessel/","",""
"https://sanatkaravani.com/tag/unlu-tablolar/","",""
"https://sanatkaravani.com/category/seyahat/page/2/","",""
"https://sanatkaravani.com/tag/vincent-van-gogh/","",""
"https://sanatkaravani.com/tag/dali/","",""
"https://sanatkaravani.com/tag/edvard-munch/","",""
"https://sanatkaravani.com/tag/stanley-kubrick/","",""
"https://sanatkaravani.com/tag/quentin-tarantino/","",""
"https://sanatkaravani.com/tag/tarkovsky/","",""
"https://sanatkaravani.com/tag/alternatif-bagimsiz-muzik/","",""
"https://sanatkaravani.com/tag/indie/","",""
"https://sanatkaravani.com/tag/unlu-yonetmenler/","",""
"https://sanatkaravani.com/2000lerin-unlu-pop-hip-hop-sarkilari/","",""
"https://sanatkaravani.com/tag/akira-kurosawa/","",""
"https://sanatkaravani.com/tag/darren-aronofsky/","",""
"https://sanatkaravani.com/tag/theo-angelopoulos/","",""
"https://sanatkaravani.com/gecmisten-gunumuze-klasik-rockin-efsane-gruplari/","",""
"https://sanatkaravani.com/tag/bergman/","",""
"https://sanatkaravani.com/90larin-ikoniklesmis-10-turkce-albumu/","",""
"https://sanatkaravani.com/gecmisten-gunumuze-efsanevi-metal-gruplari/","",""
"https://sanatkaravani.com/tag/uzay-zaman/","",""
"https://sanatkaravani.com/tag/michio-kaku/","",""
"https://sanatkaravani.com/tag/carl-sagan/","",""
"https://sanatkaravani.com/tag/stephen-hawking/","",""
"https://sanatkaravani.com/hayatini-insanlara-adamis-bir-cumhuriyet-kadini-turkan-saylan/","",""
"https://sanatkaravani.com/tag/bilim-kitaplari/","",""
"https://sanatkaravani.com/tag/kozmos/","",""
"https://sanatkaravani.com/anadolunun-cevheri-huseyin-yilmaz/","",""
"https://sanatkaravani.com/nasa-goruntu-kutuphanesinden-kareler/","",""
"https://sanatkaravani.com/orta-cagda-bilge-bir-kadin-hildegard-von-bingen/","",""
"https://sanatkaravani.com/bilimi-yogururken-olumu-tadan-kadin-marie-curie/","",""
"https://sanatkaravani.com/dunyayi-felakete-surukleyen-bir-bilim-adami-thomas-midgley/","",""
"https://sanatkaravani.com/milyarlik-elma-steve-jobs/","",""
"https://sanatkaravani.com/filmlerin-mistik-dili-renk/","",""
"https://sanatkaravani.com/bizi-biz-yapan-oyuncaklar-lego/","",""
"https://sanatkaravani.com/surpriz-seven-tasarimci-richard-sapper/","",""
"https://sanatkaravani.com/mutlu-olmanin-formulu-mutlu-olmadigini-fark-etmek/","",""
"https://sanatkaravani.com/boceklerin-babasi-ferdinand-porsche/","",""
"https://sanatkaravani.com/tartismak-dogru-icin-mi-kazanmak-icin-mi-schopenhauer/","",""
"https://sanatkaravani.com/tag/gossip-girl/","",""
"https://sanatkaravani.com/bir-iskandinav-ruyasi-soen/","",""
"https://sanatkaravani.com/tag/spartacus/","",""
"https://sanatkaravani.com/tag/game-of-thrones/","",""
"https://sanatkaravani.com/tag/dexter/","",""
"https://sanatkaravani.com/tag/cnbc-e/","",""
"https://sanatkaravani.com/tag/breaking-bad/","",""
"https://sanatkaravani.com/tag/sherlock/","",""
"https://sanatkaravani.com/tag/mad-men/","",""
"https://sanatkaravani.com/tag/e2/","",""
"https://sanatkaravani.com/izlemeniz-gereken-en-iyi-15-fantastik-film/","",""
"https://sanatkaravani.com/quentin-tarantino-filmlerinden-10-ikonik-sahne/","",""
"https://sanatkaravani.com/independenta-gore-dunya-capindaki-en-iyi-40-kitap/","",""
"https://sanatkaravani.com/bbcye-gore-dunya-sinemasinin-en-iyi-filmleri/","",""
"https://sanatkaravani.com/tag/seyahat/","",""
"https://sanatkaravani.com/izlemeniz-gereken-en-iyi-15-animasyon-film/","",""
"https://sanatkaravani.com/tag/italya/","",""
"https://sanatkaravani.com/tag/bilim-kurgu/","",""
"https://sanatkaravani.com/tag/fringe/","",""
"https://sanatkaravani.com/tag/dark/","",""
"https://sanatkaravani.com/tag/sense8/","",""
"https://sanatkaravani.com/tag/doctor-who/","",""
"https://sanatkaravani.com/tag/stranger-things/","",""
"https://sanatkaravani.com/tag/unlu-heykeller/","",""
"https://sanatkaravani.com/tag/davut-heykeli/","",""
"https://sanatkaravani.com/tag/michelangelo/","",""
"https://sanatkaravani.com/en-basit-haliyle-evrenimiz-nasil-isler/","",""
"https://sanatkaravani.com/tag/donatello/","",""
"https://sanatkaravani.com/tag/bernini/","",""
"https://sanatkaravani.com/tag/modesty/","",""
"https://sanatkaravani.com/tag/musanin-hukmu/","",""
"https://sanatkaravani.com/tag/cagdas-turk-resmi/","",""
"https://sanatkaravani.com/tag/yoksul-sanat/","",""
"https://sanatkaravani.com/tag/cagdas-turk-resim-tarihi/","",""
"https://sanatkaravani.com/tag/primitifler/","",""
"https://sanatkaravani.com/tag/art-povera/","",""
"https://sanatkaravani.com/tag/ilya-repin/","",""
"https://sanatkaravani.com/tag/korkunc-ivan-oglunu-olduruyor/","",""
"https://sanatkaravani.com/pablo-picasso-otoportrelerinin-evrimi-1896-1972/","",""
"https://sanatkaravani.com/tag/michelangelo-pistoletto/","",""
"https://sanatkaravani.com/bir-cesmeye-kosar-gibi-kosuyorum-sana-cemal-sureya/","",""
"https://sanatkaravani.com/storchun-sessiz-bir-sahne-icindeki-kadinlari/","",""
"https://sanatkaravani.com/boyalari-unuttum-ama-bira-vardi-kyle-bice/","",""
"https://sanatkaravani.com/donemin-algisini-yikan-guclu-bir-kadin-artemisia-gentileschi/","",""
"https://sanatkaravani.com/leonardonun-son-yahudasi-yahuda-iskariot/","",""
"https://sanatkaravani.com/sanat-yasamin-cocugudur-yasamdan-dogar-nevhiz-tanyeli/","",""
"https://sanatkaravani.com/sokagin-sanati-disavurum-bicimi-graffiti/","",""
"https://sanatkaravani.com/kan-kirmizisi-renk-edvard-munch/","",""
"https://sanatkaravani.com/1900lerin-hayal-gucunden-2000lere-yolculuk/","",""
"https://sanatkaravani.com/yalnizligin-resmi-edward-hopper/","",""
"https://sanatkaravani.com/tag/elon-musk/","",""
"https://sanatkaravani.com/dunden-bugune-en-iyi-eurovision-sarkilari/","",""
"https://sanatkaravani.com/alisilmadik-tuvaller-artasnack-hasan-kale/","",""
"https://sanatkaravani.com/tag/spacex/","",""
"https://sanatkaravani.com/tag/yusaku-maezawa/","",""
"https://sanatkaravani.com/imdbye-gore-iyi-hissettiren-25-film/","",""
"https://sanatkaravani.com/tag/john-berger/","",""
"https://sanatkaravani.com/tag/leon-gerome/","",""
"https://sanatkaravani.com/tag/buyuk-hayaller-kuralim/","",""
"https://sanatkaravani.com/tag/sait-faik/","",""
"https://sanatkaravani.com/tag/kintsugi/","",""
"https://sanatkaravani.com/lirik-yapisiyla-zamani-unutturan-fotograflar-hiroji-kubota/","",""
"https://sanatkaravani.com/turk-mitolojisinde-bir-orman-iyesi-surele-surale/","",""
"https://sanatkaravani.com/tag/kintsugi-teknigi/","",""
"https://sanatkaravani.com/category/tasarim/page/3/","",""
"https://sanatkaravani.com/category/tasarim/page/2/","",""
"https://sanatkaravani.com/sira-disi-insan-portreleri-cecilia-paredes/","",""
"https://sanatkaravani.com/akil-hastanesinde-kendisine-giydirilen-gomlegi-sanat-eseri-haline-getiren-bir-kadin/","",""
"https://sanatkaravani.com/kozmosu-insan-bedenine-sigdirmak-mikael-owunna/","",""
"https://sanatkaravani.com/tag/kazuo-kitai/","",""
"https://sanatkaravani.com/tag/knut-hamsun/","",""
"https://sanatkaravani.com/tag/aclik/","",""
"https://sanatkaravani.com/tag/toza-sor/","",""
"https://sanatkaravani.com/tag/john-fante/","",""
"https://sanatkaravani.com/bir-devrin-kapanisi-game-of-thronesa-veda/","",""
"https://sanatkaravani.com/tag/zorba/","",""
"https://sanatkaravani.com/tag/bukowski/","",""
"https://sanatkaravani.com/tag/nikos-kazancakis/","",""
"https://sanatkaravani.com/tag/aleksi-zorba/","",""
"https://sanatkaravani.com/tag/furug-ferruhzad/","",""
"https://sanatkaravani.com/tag/ted-hughes/","",""
"https://sanatkaravani.com/tag/kadin/","",""
"https://sanatkaravani.com/tag/william-golding/","",""
"https://sanatkaravani.com/tag/sineklerin-tanrisi/","",""
"https://sanatkaravani.com/tag/8-mart/","",""
"https://sanatkaravani.com/author/kubragaburga/page/4/","",""
"https://sanatkaravani.com/tag/gullu-agop/","",""
"https://sanatkaravani.com/tag/turk-tiyatrosu/","",""
"https://sanatkaravani.com/tag/darulbedayi/","",""
"https://sanatkaravani.com/tag/namik-kemal/","",""
"https://sanatkaravani.com/tag/iskandinav/","",""
"https://sanatkaravani.com/tag/minakyan/","",""
"https://sanatkaravani.com/tag/mitoloji/","",""
"https://sanatkaravani.com/tag/osmanli-tiyatrosu/","",""
"https://sanatkaravani.com/tag/afife-jale/","",""
"https://sanatkaravani.com/tag/norse/","",""
"https://sanatkaravani.com/tag/ragnarok/","",""
"https://sanatkaravani.com/tag/loki/","",""
"https://sanatkaravani.com/tag/thor/","",""
"https://sanatkaravani.com/tag/asgard/","",""
"https://sanatkaravani.com/author/kubragaburga/page/5/","",""
"https://sanatkaravani.com/tag/kulup/","",""
"https://sanatkaravani.com/guneydogu-asyanin-aralanmamis-perdesi-kambocya/","",""
"https://sanatkaravani.com/tag/the-kulup/","",""
"https://sanatkaravani.com/author/kubragaburga/page/6/","",""
"https://sanatkaravani.com/bir-25-yuzyil-utopyasi-altered-carbon/","",""
"https://sanatkaravani.com/uzay-caginin-ayak-sesleri-lost-in-space/","",""
"https://sanatkaravani.com/francisco-goya-ve-modern-sanat/","",""
"https://sanatkaravani.com/tarihin-unutulan-kadinlari-nezihe-muhiddin/","",""
"https://sanatkaravani.com/tag/persona/","",""
"https://sanatkaravani.com/brechti-anlamak/","",""
"https://sanatkaravani.com/tarkovskinin-olumsuz-ziyaretcileri-solaris/","",""
"https://sanatkaravani.com/karanlik-dunyalardan-bir-haykiris-furug-ferruhzad/","",""
"https://sanatkaravani.com/gabriel-garcia-marquezde-buyulu-gercekcilik/","",""
"https://sanatkaravani.com/tag/zaman/","",""
"https://sanatkaravani.com/tag/oblomov/","",""
"https://sanatkaravani.com/tag/goncarov/","",""
"https://sanatkaravani.com/tag/siir/","",""
"https://sanatkaravani.com/tag/mahmud-dervis/","",""
"https://sanatkaravani.com/category/edebiyat/page/6/","",""
"https://sanatkaravani.com/buyuk-ask-toplumsal-duzene-muhaliftir-nizar-kabbani/","",""
"https://sanatkaravani.com/category/edebiyat/page/7/","",""
"https://sanatkaravani.com/kimse-kalmadi-ekmegi-ve-sarabi-bolusecek-f-garcia-lorca/","",""
"https://sanatkaravani.com/category/edebiyat/page/4/","",""
"https://sanatkaravani.com/category/edebiyat/page/5/","",""
"https://sanatkaravani.com/tag/tatavla/","",""
"https://sanatkaravani.com/tag/kurtulus-semti/","",""
"https://sanatkaravani.com/tag/semt/","",""
"https://sanatkaravani.com/tag/salento/","",""
"https://sanatkaravani.com/bir-hic-olarak-kalacagiz-paul-celan/","",""
"https://sanatkaravani.com/dunyada-ziyaret-edilmemesi-gereken-9-ilginc-yer/","",""
"https://sanatkaravani.com/tanrilarin-golu-mashu-ve-japon-adalarinin-bilinen-ilk-sahipleri-ainular/","",""
"https://sanatkaravani.com/tag/metelkova/","",""
"https://sanatkaravani.com/hep-ayni-huzun-sapina-kadar-cigerine-islemis-bir-ok-ahmed-samlu/","",""
"https://sanatkaravani.com/tag/edebiyat-dergileri/","",""
"https://sanatkaravani.com/tag/ukrayna/","",""
"https://sanatkaravani.com/tag/lviv/","",""
"https://sanatkaravani.com/tag/alberobello/","",""
"https://sanatkaravani.com/tag/alejandro-jodorowsky/","",""
"https://sanatkaravani.com/tag/el-topo/","",""
"https://sanatkaravani.com/author/sevilates/page/17/","",""
"https://sanatkaravani.com/moda-fotografciligini-terk-edip-kendisini-sokak-fotografciligina-adayan-biri-wlliam-klein/","",""
"https://sanatkaravani.com/author/sevilates/page/18/","",""
"https://sanatkaravani.com/author/sevilates/page/5/","",""
"https://sanatkaravani.com/author/sevilates/page/4/","",""
"https://sanatkaravani.com/tag/boga-guresleri/","",""
"https://sanatkaravani.com/tag/endulus/","",""
"https://sanatkaravani.com/roma-sokaklarindan-kizilotesi-manzaralar-rome-in-infrared/","",""
"https://sanatkaravani.com/tag/metropolitan/","",""
"https://sanatkaravani.com/tag/louvre/","",""
"https://sanatkaravani.com/tag/rijksmuseum/","",""
"https://sanatkaravani.com/tag/online-muzeler/","",""
"https://sanatkaravani.com/burjuva-ahlakini-yikan-bir-kadin-milena-jesenska/","",""
"https://sanatkaravani.com/tag/cin/","",""
"https://sanatkaravani.com/tag/guangzhou/","",""
"https://sanatkaravani.com/tag/uzak-dogu/","",""
"https://sanatkaravani.com/tag/bernardine-kilisesi/","",""
"https://sanatkaravani.com/karantina-gunlerindeki-sanat-home-muralfest/","",""
"https://sanatkaravani.com/tag/mimari/","",""
"https://sanatkaravani.com/tag/andrzej-odrowaz/","",""
"https://sanatkaravani.com/surreal-imgelerle-dolu-bir-film-bir-sairin-kani/","",""
"https://sanatkaravani.com/tag/thomas-jorion/","",""
"https://sanatkaravani.com/tag/saray/","",""
"https://sanatkaravani.com/kalbinizi-tam-12den-vuracak-ilginc-tasarim-muzeler/","",""
"https://sanatkaravani.com/mimarinin-sira-disi-cocugu-bjarke-ingels/","",""
"https://sanatkaravani.com/tag/katedral/","",""
"https://sanatkaravani.com/tag/sapel/","",""
"https://sanatkaravani.com/orta-asyanin-ilk-metro-agi-taskent-metrosu/","",""
"https://sanatkaravani.com/kim-bu-yapilarla-goklere-ulasmak-istemez-ki/","",""
"https://sanatkaravani.com/tag/duomo-di-milano/","",""
"https://sanatkaravani.com/tag/barok/","",""
"https://sanatkaravani.com/tag/notre-dame/","",""
"https://sanatkaravani.com/tag/gotik/","",""
"https://sanatkaravani.com/tag/la-sagrada-familia/","",""
"https://sanatkaravani.com/minyatur-dunyanin-efendisi-tatsuya-tanaka/","",""
"https://sanatkaravani.com/tag/kilise/","",""
"https://sanatkaravani.com/author/utkukahraman/page/3/","",""
"https://sanatkaravani.com/cicek-acan-bedenler-ceres-diaja-henry/","",""
"https://sanatkaravani.com/dus-zamani-soylenceleri-mitolojinin-seruveni/","",""
"https://sanatkaravani.com/fusunun-kizi-fusunun-annesi-didem-madak/","",""
"https://sanatkaravani.com/author/utkukahraman/page/2/","",""
"https://sanatkaravani.com/doganin-sanati-sanatin-dogasi-jupiter/","",""
"https://sanatkaravani.com/tag/victor-lustig/","",""
"https://sanatkaravani.com/tag/paris/","",""
"https://sanatkaravani.com/tag/andre-poisson/","",""
"https://sanatkaravani.com/umudu-ararken-kaybolan-hayatlar-yabanci-topraklar/","",""
"https://sanatkaravani.com/tag/fransa/","",""
"https://sanatkaravani.com/tag/eyfel-kulesi/","",""
"https://sanatkaravani.com/tag/lalibela/","",""
"https://sanatkaravani.com/tag/etiyopya/","",""
"https://sanatkaravani.com/tag/amhara/","",""
"https://sanatkaravani.com/tarihsel-her-imge-acilarimizin-tezahurudur-leonard-freed/","",""
"https://sanatkaravani.com/tag/afrika/","",""
"https://sanatkaravani.com/tag/aziz-george-kilisesi/","",""
"https://sanatkaravani.com/eskimo-inuit-mitolojisi-tanrilar-tanricalar-ve-yaratiklar/","",""
"https://sanatkaravani.com/fotografla-bir-yaraya-dokunmak-miyako-ishiuchi/","",""
"https://sanatkaravani.com/tanrinin-kapisi-babil-kulesi/","",""
"https://sanatkaravani.com/vendettanin-maskesindeki-yuz-guy-fawkes-ve-bonfire-night/","",""
"https://sanatkaravani.com/batida-dracula-doguda-kazikli-voyvoda-iii-vlad-tepes/","",""
"https://sanatkaravani.com/80li-yillarin-dunya-stari-patrick-swayze-hakkinda-bilmeniz-gereken-10-gercek/","",""
"https://sanatkaravani.com/category/yasam/page/2/","",""
"https://sanatkaravani.com/eski-turklerin-yasantisindan-bilinmeyenler-ibn-fadlan-seyahatnamesi/","",""
"https://sanatkaravani.com/huzunlu-bir-ask-hikayesi-lavinia/","",""
"https://sanatkaravani.com/bir-baskaldiris-hikayesi-sen-hic-ates-bocegi-gordun-mu/","",""
"https://sanatkaravani.com/giotto-agit-lamentation/","",""
"https://sanatkaravani.com/sokratesin-olumu-jacques-louis-david/","",""
"https://sanatkaravani.com/author/oykumkutuk/page/2/","",""
"https://sanatkaravani.com/bir-ogretmenin-egitim-mucadelesi-ozgurluk-yazarlari/","",""
"https://sanatkaravani.com/tag/post-empresyonizm/","",""
"https://sanatkaravani.com/tag/ronesans/","",""
"https://sanatkaravani.com/tag/sanat-akimlari/","",""
"https://sanatkaravani.com/tag/caravaggio/","",""
"https://sanatkaravani.com/tag/dadaizm/","",""
"https://sanatkaravani.com/tag/picasso/","",""
"https://sanatkaravani.com/tag/empresyonizm/","",""
"https://sanatkaravani.com/tag/kubizm/","",""
"https://sanatkaravani.com/tag/surrealizm/","",""
"https://sanatkaravani.com/cocuklugumuzun-basucu-kitabi-aysegul/","",""
"https://sanatkaravani.com/tag/pop-art/","",""
"https://sanatkaravani.com/agladigin-duyulmasin-aldirma-gonul-aldirma-sabahattin-ali/","",""
"https://sanatkaravani.com/savasin-asil-kahramani-anna-coleman-ladd/","",""
"https://sanatkaravani.com/tag/berlin-katedrali/","",""
"https://sanatkaravani.com/tag/amazon/","",""
"https://sanatkaravani.com/tag/arkeoloji/","",""
"https://sanatkaravani.com/tag/kolombiya/","",""
"https://sanatkaravani.com/tag/sistine-sapeli/","",""
"https://sanatkaravani.com/tag/sanat-karavani/page/39/","",""
"https://sanatkaravani.com/tag/fotograf/page/3/","",""
"https://sanatkaravani.com/yuceltilen-bir-devrimin-zulme-donusmesi-li-zhensheng-gozunden-cin-devrimi/","",""
"https://sanatkaravani.com/tag/sanat-karavani/page/3/","",""
"https://sanatkaravani.com/fotografta-benzersiz-bir-gorme-bicimi-graciela-iturbide/","",""
"https://sanatkaravani.com/tag/fotograf/page/2/","",""
"https://sanatkaravani.com/tag/sanat/page/19/","",""
"https://sanatkaravani.com/tag/fotograf/page/12/","",""
"https://sanatkaravani.com/tag/sanat/page/3/","",""
"https://sanatkaravani.com/tag/sanat/page/2/","",""
"https://sanatkaravani.com/herkes-kendi-trajedisinin-kurbanidir-bela-tarr/","",""
"https://sanatkaravani.com/gucun-bireyi-hayvanlastirdigi-bir-film-iki-bacakli-at/","",""
"https://sanatkaravani.com/kendi-gercekligimiz-sandigimiz-seyler-bizim-yanilgilarimizdir-bergman/","",""
"https://sanatkaravani.com/hissetmek-esastir-anlamak-sonra-gelir-bergman/","",""
"https://sanatkaravani.com/tag/film/page/2/","",""
"https://sanatkaravani.com/insan-sesine-en-yakin-muzik-aleti-theremin/","",""
"https://sanatkaravani.com/bilinen-en-eski-muzik-kompozisyonu-seikilos-agidi/","",""
"https://sanatkaravani.com/tag/muzik/page/2/","",""
"https://sanatkaravani.com/koncertonun-babasi-vivaldi/","",""
"https://sanatkaravani.com/enstrumanlari-bir-sanat-eserine-donusturen-adam-leonardo-frigo/","",""
"https://sanatkaravani.com/tag/dizi/","",""
"https://sanatkaravani.com/degersizdim-mahkum-edilmis-cignenmistim-kafka/","",""
"https://sanatkaravani.com/tag/yilbasi/","",""
"https://sanatkaravani.com/bir-sinek-gibi-yalnizsin-ve-yalpaliyorsun-georges-perec/","",""
"https://sanatkaravani.com/tag/edebiyat/page/3/","",""
"https://sanatkaravani.com/tag/edebiyat/page/2/","",""
"https://sanatkaravani.com/devrimi-dusluyorsan-ona-gore-yasarsin-kazim-koyuncu/","",""
"https://sanatkaravani.com/birileri-luks-icinde-yasiyorsa-baskalarini-somurdugu-icindir-george-orwell/","",""
"https://sanatkaravani.com/bizi-kolelestiren-isteklerimiz-umutlarimiz-korkularimizdir-neval-el-seddavi/","",""
"https://sanatkaravani.com/tag/robert-frank/","",""
"https://sanatkaravani.com/tag/sanat-karavani/page/2/","",""
"https://sanatkaravani.com/insan-hicbir-zaman-mutlu-olamaz-arhur-schopenhauer/","",""
"https://sanatkaravani.com/tag/ekim/","",""
"https://sanatkaravani.com/tag/netflix/","",""
"https://sanatkaravani.com/tag/the-guilty/","",""
"https://sanatkaravani.com/tag/fx/","",""
"https://sanatkaravani.com/tag/melisa-sozen/","",""
"https://sanatkaravani.com/tag/blu-tv/","",""
"https://sanatkaravani.com/margaret-atwood-ustopyasi-damizlik-kizin-oykusu/","",""
"https://sanatkaravani.com/tag/kenan-imirzalioglu/","",""
"https://sanatkaravani.com/tag/alef/","",""
"https://sanatkaravani.com/yalanlarin-bedeli-nedir-chernobyl/","",""
"https://sanatkaravani.com/basimizdaki-cuvallar-bedenimizdeki-yukler-bir-baskadir/","",""
"https://sanatkaravani.com/category/dizi/page/2/","",""
"https://sanatkaravani.com/kaderin-tutsagi-bir-rivyali-the-witcher/","",""
"https://sanatkaravani.com/tag/drone/","",""
"https://sanatkaravani.com/tag/2021-drone-fotograf-yarismasi/","",""
"https://sanatkaravani.com/tag/sohrab-sepehri/","",""
"https://sanatkaravani.com/tag/altin-palmiye/","",""
"https://sanatkaravani.com/tag/i-daniel-blake/","",""
"https://sanatkaravani.com/tag/ken-loach/","",""
"https://sanatkaravani.com/tag/fars-siiri/","",""
"https://sanatkaravani.com/bu-dunyada-en-guzel-sey-zulum-ustune-seferdi-ilhan-berk/","",""
"https://sanatkaravani.com/tag/yasar-kemal/","",""
"https://sanatkaravani.com/tag/yilani-oldurseler/","",""
"https://sanatkaravani.com/gettoda-fotografci-olmak-henryk-ross/","",""
"https://sanatkaravani.com/tag/lokasyon/","",""
"https://sanatkaravani.com/tag/destinasyon/","",""
"https://sanatkaravani.com/tag/gezi/","",""
"https://sanatkaravani.com/kitaplarin-teshisi-kirlangiclar-sabahattin-ali/","",""
"https://sanatkaravani.com/kaderine-yon-verecek-olan-sensin-anne-with-an-e/","",""
"https://sanatkaravani.com/kagidin-her-haliyle-tasarim-yulia-brodskaya/","",""
"https://sanatkaravani.com/kabusun-sanatla-dansi-nicolas-buno/","",""
"https://sanatkaravani.com/ajans-memuru-olmayi-reddetmis-grafik-tasarimci-yurdaer-altintas/","",""
"https://sanatkaravani.com/grafik-tasarimin-tanricasi-paula-scher/","",""
"https://sanatkaravani.com/tuvalin-kalin-renkleri-post-empresyonizm/","",""
"https://sanatkaravani.com/sanat-bir-anlamda-deformasyondur-fernando-botero/","",""
"https://sanatkaravani.com/yercekime-meydan-okuyan-evler-cinta-vidal/","",""
"https://sanatkaravani.com/author/aslihanyildiz/page/2/","",""
"https://sanatkaravani.com/tag/lubnan-sinemasi/","",""
"https://sanatkaravani.com/tag/capernaum/","",""
"https://sanatkaravani.com/tag/kefernahum/","",""
"https://sanatkaravani.com/tag/nadine-labaki/","",""
"https://sanatkaravani.com/tag/angelo-badalamenti/","",""
"https://sanatkaravani.com/tag/mulholland-dr/","",""
"https://sanatkaravani.com/tag/david-lynch/","",""
"https://sanatkaravani.com/tag/twin-peaks/","",""
"https://sanatkaravani.com/tag/kaynak/","",""
"https://sanatkaravani.com/tag/rachel-weisz/","",""
"https://sanatkaravani.com/tag/the-fountain/","",""
"https://sanatkaravani.com/tag/sonsuzluk-uzerine/","",""
"https://sanatkaravani.com/tag/roy-andersson/","",""
"https://sanatkaravani.com/tag/about-endlessness/","",""
"https://sanatkaravani.com/tag/hugh-jackman/","",""
"https://sanatkaravani.com/tag/sinema/","",""
"https://sanatkaravani.com/tag/paul-atreides/","",""
"https://sanatkaravani.com/tag/timothee-chalamet/","",""
"https://sanatkaravani.com/tag/zendaya/","",""
"https://sanatkaravani.com/tag/col-gezegeni/","",""
"https://sanatkaravani.com/tag/dune/","",""
"https://sanatkaravani.com/tag/frank-herbert/","",""
"https://sanatkaravani.com/tag/denis-villeneuve/","",""
"https://sanatkaravani.com/tag/the-lighthouse/","",""
"https://sanatkaravani.com/tag/sinemai-sanat-karavani/","",""
"https://sanatkaravani.com/tag/robert-eggers/","",""
"https://sanatkaravani.com/zamanin-tanikligini-yapan-fotografci-alain-keler/","",""
"https://sanatkaravani.com/tehlikenin-tanimini-zorlayan-bir-kadin-marina-abramovic/","",""
"https://sanatkaravani.com/sokak-fotografciliginda-bir-sair-sergio-larrain/","",""
"https://sanatkaravani.com/category/fotograf/page/12/","",""
"https://sanatkaravani.com/surrealizmi-fotograflarla-bulusturan-sanatci-denise-grunstein/","",""
"https://sanatkaravani.com/tag/vitas-luckus/","",""
"https://sanatkaravani.com/category/fotograf/page/13/","",""
"https://sanatkaravani.com/tag/patrick-zahmann/","",""
"https://sanatkaravani.com/zaman-her-seyi-yok-eder-irreversible-donus-yok/","",""
"https://sanatkaravani.com/bir-fotografin-iki-yuzunu-gorebilmek/","",""
"https://sanatkaravani.com/yalniz-olmaya-dayanamayan-insan-olumle-yuz-yuzedir-tarkovsky/","",""
"https://sanatkaravani.com/category/sinema/page/4/","",""
"https://sanatkaravani.com/renkli-nakislarda-hayat-bulan-anilar-han-cao/","",""
"https://sanatkaravani.com/yer-cekimine-meydan-okumak-rob-woodcox/","",""
"https://sanatkaravani.com/bir-fotografci-sanatsal-degil-sosyal-ve-sivil-olmalidir-berengo-gardin/","",""
"https://sanatkaravani.com/category/fotograf/page/4/","",""
"https://sanatkaravani.com/irkciliga-yoksulluga-karsi-direnen-bir-fotografci-gordon-parks/","",""
"https://sanatkaravani.com/bir-yirminci-yuzyil-trajedisi-delicatessen/","",""
"https://sanatkaravani.com/ispanya-sokaklarinda-bir-fotografci-eugeni-forcano/","",""
"https://sanatkaravani.com/leon-sevginin-gucu-uzerine-psikanalitik-bir-inceleme/","",""
"https://sanatkaravani.com/vatanseverlik-bir-hainin-son-siginagidir-stanley-kubrick/","",""
"https://sanatkaravani.com/bir-caresizligin-sanrisi-reha-erdem-filmi-a-ay/","",""
"https://sanatkaravani.com/sessizligin-yonetmeni-kim-ki-duk/","",""
"https://sanatkaravani.com/neye-ne-kadar-bagimliyiz-bir-ruya-icin-agit/","",""
"https://sanatkaravani.com/psikanalizle-sinemanin-bulusmasi-her/","",""
"https://sanatkaravani.com/bir-anti-genesis-filmi-torino-ati/","",""
"https://sanatkaravani.com/tag/bert-hardy/","",""
"https://sanatkaravani.com/tag/resim/","",""
"https://sanatkaravani.com/tag/ramon-casas/","",""
"https://sanatkaravani.com/sanatsal-fotograflar-onemsiz-gibi-gorunen-anlarda-ortaya-cikar-aleksandras-macijauskas/","",""
"https://sanatkaravani.com/fotograf-gercegi-yansitir-gerceklik-husrani-marion-post-wolcott/","",""
"https://sanatkaravani.com/yuzlerin-otesinde-olan-kadinlar-allahin-kadinlari-shrin-neshat/","",""
"https://sanatkaravani.com/guzellik-kurallarini-yeniden-yazmak-justin-dingwall/","",""
"https://sanatkaravani.com/savaslarin-arasindan-dunyaya-bakmak-erich-lessing/","",""
"https://sanatkaravani.com/vatansiz-topraksiz-insanlarin-fotografcisi-david-verberckt/","",""
"https://sanatkaravani.com/yitik-bir-kentin-dokusunu-fotografla-yansitmak-fan-ho/","",""
"https://sanatkaravani.com/category/fotograf/page/5/","",""
"https://sanatkaravani.com/eugene-smith-ve-olum/","",""
"https://sanatkaravani.com/sanat-ve-siddet-arasinda-derin-bir-bag-vardir-andrzej-mazur/","",""
"https://sanatkaravani.com/insan-dogaya-her-zaman-yenik-duser-william-turner/","",""
"https://sanatkaravani.com/erkeklerin-dunyasinda-direnen-bir-kadin-ressam-rosa-bonheur/","",""
"https://sanatkaravani.com/geleneksel-burjuva-resmine-karsi-durus-andriaen-brouwer/","",""
"https://sanatkaravani.com/category/resim/page/4/","",""
"https://sanatkaravani.com/sicak-renklerin-ressami-torres/","",""
"https://sanatkaravani.com/kaplumbaga-terbiyecisi/","",""
"https://sanatkaravani.com/dogu-ve-akdenizi-kadinlar-uzerinden-anlatan-bir-ressam-john-f-lewis/","",""
"https://sanatkaravani.com/firca-yerine-parmaklarini-kullanan-ressam-paolo-troilo/","",""
"https://sanatkaravani.com/tag/lucifer/","",""
"https://sanatkaravani.com/tag/alexandre-cabanel/","",""
"https://sanatkaravani.com/tag/da-vinci/","",""
"https://sanatkaravani.com/tag/monet/","",""
"https://sanatkaravani.com/tag/manet/","",""
"https://sanatkaravani.com/tag/edgar-degas/","",""
"https://sanatkaravani.com/tag/frida/","",""
"https://sanatkaravani.com/tag/el-greco/","",""
"https://sanatkaravani.com/tag/mondrian/","",""
"https://sanatkaravani.com/tag/renoir/","",""
"https://sanatkaravani.com/tag/pablo-picasso/","",""
"https://sanatkaravani.com/tag/bruegel/","",""
"https://sanatkaravani.com/tag/bosch/","",""
"https://sanatkaravani.com/tag/titian/","",""
"https://sanatkaravani.com/tag/van-eyck/","",""
"https://sanatkaravani.com/tag/rubens/","",""
"https://sanatkaravani.com/tag/boucher/","",""
"https://sanatkaravani.com/tag/d-grubu/","",""
"https://sanatkaravani.com/tag/rembrandt/","",""
"https://sanatkaravani.com/tag/cagdas-turk-ressamlari/","",""
"https://sanatkaravani.com/tag/tasarim/","",""
"https://sanatkaravani.com/tag/artur-pastor/","",""
"https://sanatkaravani.com/tag/bon-sai/","",""
"https://sanatkaravani.com/tasarlanan-bir-olum-intihar-edouard-leve/","",""
"https://sanatkaravani.com/tag/arno-gruen/","",""
"https://sanatkaravani.com/tag/delilik/","",""
"https://sanatkaravani.com/tag/yasam/","",""
"https://sanatkaravani.com/tag/amish/","",""
"https://sanatkaravani.com/tag/amish-toplumu/","",""
"https://sanatkaravani.com/tag/tip/","",""
"https://sanatkaravani.com/tag/anatomik/","",""
"https://sanatkaravani.com/tag/amber-griffiths/","",""
"https://sanatkaravani.com/tag/bolero/","",""
"https://sanatkaravani.com/tag/frederick-chopin/","",""
"https://sanatkaravani.com/tag/joseph-haydn/","",""
"https://sanatkaravani.com/tag/johann-strauss/","",""
"https://sanatkaravani.com/tag/gioacchino-rossini/","",""
"https://sanatkaravani.com/tag/joy-division/","",""
"https://sanatkaravani.com/tag/led-zeppelin/","",""
"https://sanatkaravani.com/tag/pink-floyd/","",""
"https://sanatkaravani.com/tag/sister-sledge/","",""
"https://sanatkaravani.com/tag/album/","",""
"https://sanatkaravani.com/tag/independent/","",""
"https://sanatkaravani.com/bir-notaya-binlerce-anlam-yukleyen-dahi-vangelis/","",""
"https://sanatkaravani.com/ates-kesilen-bir-asik-don-kisot/","",""
"https://sanatkaravani.com/progresiften-depresife-yasayan-silmarillion-efsanesi-marillion/","",""
"https://sanatkaravani.com/beethoven-ruhunu-seytana-nasil-satti/","",""
"https://sanatkaravani.com/tag/oyun/","",""
"https://sanatkaravani.com/tag/heykel/","",""
"https://sanatkaravani.com/tag/ilk-nu/","",""
"https://sanatkaravani.com/orta-dunyanin-ozanlari-blind-guardian/","",""
"https://sanatkaravani.com/tag/karikatur/","",""
"https://sanatkaravani.com/tag/erdil-yasaroglu/","",""
"https://sanatkaravani.com/tag/knidos-afroditi/","",""
"https://sanatkaravani.com/insan-kaybedebilecegini-sever-tarkovsky/","",""
"https://sanatkaravani.com/sikici-bir-hayata-sahip-olmaktansa-aci-bir-mutluluk-daha-iyidir-tarkovsky/","",""
"https://sanatkaravani.com/danse-macabre-olum-dansi/","",""
"https://sanatkaravani.com/tag/the-dust-of-time/","",""
"https://sanatkaravani.com/tag/yunanistan/","",""
"https://sanatkaravani.com/tag/eternity-and-a-day/","",""
"https://sanatkaravani.com/tag/the-weeping-meadow/","",""
"https://sanatkaravani.com/yorgos-lanthimosta-ontolojik-izlek-dogtooth-kopek-disi/","",""
"https://sanatkaravani.com/insanligi-ten-rengi-sinirinda-kalmis-olanlara-green-book/","",""
"https://sanatkaravani.com/bilgeligin-arttigi-yerde-keder-de-artar-ve-bilgisini-arttiran-derdini-de-arttirir-tarkovsky/","",""
"https://sanatkaravani.com/ruhu-heykele-donusturmek-lorenzo-bernini/","",""
"https://sanatkaravani.com/tag/grafiti/","",""
"https://sanatkaravani.com/tag/pichi-and-avo/","",""
"https://sanatkaravani.com/tag/zhanna-kadyrova/","",""
"https://sanatkaravani.com/tag/seramik/","",""
"https://sanatkaravani.com/tag/global-of-life/","",""
"https://sanatkaravani.com/tag/venedik-bienali/","",""
"https://sanatkaravani.com/tag/lorenzo-quinn/","",""
"https://sanatkaravani.com/tag/sanat-tarihi/","",""
"https://sanatkaravani.com/budapestenin-asirlar-boyu-tarihe-taniklik-etmis-yeralti-bolgesi-kobanya/","",""
"https://sanatkaravani.com/tag/shigir-idolu/","",""
"https://sanatkaravani.com/tag/budapeste/","",""
"https://sanatkaravani.com/tag/hitler/","",""
"https://sanatkaravani.com/tag/can-togay/","",""
"https://sanatkaravani.com/tag/gyula-pover/","",""
"https://sanatkaravani.com/tag/macaristan/","",""
"https://sanatkaravani.com/tag/ada/","",""
"https://sanatkaravani.com/tag/kinetik/","",""
"https://sanatkaravani.com/tag/bobinski/","",""
"https://sanatkaravani.com/degisen-dunyanin-girdabinda-direnen-bir-fotografci-bill-brandt/","",""
"https://sanatkaravani.com/golde-parlayan-ayisigi-elis/","",""
"https://sanatkaravani.com/vivaldinin-dort-mevsimi/","",""
"https://sanatkaravani.com/tag/ihsan-oktay-anar/","",""
"https://sanatkaravani.com/tag/puslu-kitalar-atlasi/","",""
"https://sanatkaravani.com/tag/bertnard-russell/","",""
"https://sanatkaravani.com/tag/mutlu-olma-sanati/","",""
"https://sanatkaravani.com/tag/jack-london/","",""
"https://sanatkaravani.com/gerceklikten-cikmaniza-neden-olacak-eric-roux-fontaine-resimleri/","",""
"https://sanatkaravani.com/tag/martin-eden/","",""
"https://sanatkaravani.com/tag/sait-faik-abasiyanik/","",""
"https://sanatkaravani.com/ustinsan-ubermensch-uzerine-nietzsche/","",""
"https://sanatkaravani.com/tag/luzumsuz-adam/","",""
"https://sanatkaravani.com/yasamda-gereksinim-duydugum-tek-sey-beni-anlayan-birisi-marquez/","",""
"https://sanatkaravani.com/zorlu-kosullar-altinda-fotografa-siirsel-duyarliligi-yukleyebilmek-ichiro-kojima/","",""
"https://sanatkaravani.com/stendhal-ask-cok-renkli-bir-cicektir-ancak-korkunc-ucurumlarin-kiyisinda-yetisir/","",""
"https://sanatkaravani.com/varolus-yolculugu-irvin-yalom/","",""
"https://sanatkaravani.com/yaslanmak-uzerine-dorian-grayin-portresi/","",""
"https://sanatkaravani.com/yasami-cesur-yasamak-gerek-tezer-ozlu/","",""
"https://sanatkaravani.com/insan-kalbi-ne-tuhaf-sey-goethe/","",""
"https://sanatkaravani.com/iliskiler-uzerine-bir-bakis-acisi-ile-oruc-aruoba/","",""
"https://sanatkaravani.com/siir-niye-var-birhan-keskin/","",""
"https://sanatkaravani.com/dogu-karadenizde-gorulmesi-gereken-yerler/","",""
"https://sanatkaravani.com/tag/black-lives-matter/","",""
"https://sanatkaravani.com/tag/mikael-owunna/","",""
"https://sanatkaravani.com/cinliler-neden-yemek-cubuklari-kullanir-kuai-zinin-hikayesi/","",""
"https://sanatkaravani.com/fotograf-ozgur-ve-korkusuz-ruhlarin-isidir-alex-majoli/","",""
"https://sanatkaravani.com/tag/george-r-r-martin/","",""
"https://sanatkaravani.com/tag/hbo/","",""
"https://sanatkaravani.com/zulme-karsi-yuzde-kaci-savasiyor-insanlarin-nazim-hikmet/","",""
"https://sanatkaravani.com/korlesmeden-bir-kesit-elias-canetti/","",""
"https://sanatkaravani.com/tag/angkor-wat/","",""
"https://sanatkaravani.com/tag/bonn-om-touk/","",""
"https://sanatkaravani.com/tag/phnom-penh/","",""
"https://sanatkaravani.com/tag/kambocya/","",""
"https://sanatkaravani.com/yeni-cagin-kilic-sesleri-rise-of-empires-ottoman/","",""
"https://sanatkaravani.com/tag/takeshi-kovacs/","",""
"https://sanatkaravani.com/gercege-hayal-gucuyle-yaklasmak-recine-sanati/","",""
"https://sanatkaravani.com/tag/altered-carbon/","",""
"https://sanatkaravani.com/tag/robinson-ailesi/","",""
"https://sanatkaravani.com/tag/degistirilmis-karbon/","",""
"https://sanatkaravani.com/tag/1-sezon/","",""
"https://sanatkaravani.com/tag/lost-in-space/","",""
"https://sanatkaravani.com/tag/goya/","",""
"https://sanatkaravani.com/tag/landru/","",""
"https://sanatkaravani.com/ozgur-ruhlarin-ve-bozkirin-fotografcisi-lyalya-kuznetsova/","",""
"https://sanatkaravani.com/tag/nezihe-muhiddin/","",""
"https://sanatkaravani.com/tag/bertolt-brecht/","",""
"https://sanatkaravani.com/tag/tiyatro/","",""
"https://sanatkaravani.com/bizans-oyunlari-gizemli-mor/","",""
"https://sanatkaravani.com/tag/solaris/","",""
"https://sanatkaravani.com/fotografla-gorunenin-otesine-gecmek-klavdij-sluban/","",""
"https://sanatkaravani.com/terk-edilmis-bir-koyun-fotografcisi-rimaldas-viksraitis/","",""
"https://sanatkaravani.com/tag/garcia-marquez/","",""
"https://sanatkaravani.com/tag/theodor-hildebrand/","",""
"https://sanatkaravani.com/tag/hildebrand/","",""
"https://sanatkaravani.com/tag/manga/","",""
"https://sanatkaravani.com/tag/futuristik/","",""
"https://sanatkaravani.com/tag/eurovision/","",""
"https://sanatkaravani.com/tag/almanya/","",""
"https://sanatkaravani.com/ben-bahceye-gocmus-kedileri-bulamadim-bu-hayatta/","",""
"https://sanatkaravani.com/tag/eurovision-song-contest/","",""
"https://sanatkaravani.com/tag/hasan-kale/","",""
"https://sanatkaravani.com/tag/edward-hopper/","",""
"https://sanatkaravani.com/tag/artasnack/","",""
"https://sanatkaravani.com/tag/minyatur/","",""
"https://sanatkaravani.com/tag/the-shawshank-redemption/","",""
"https://sanatkaravani.com/tag/imdb/","",""
"https://sanatkaravani.com/tag/forrest-gump/","",""
"https://sanatkaravani.com/gercek-sevgi-cikarsiz-olandir-erich-fromm/","",""
"https://sanatkaravani.com/tag/good-will-hunting/","",""
"https://sanatkaravani.com/tag/orman-iyesi/","",""
"https://sanatkaravani.com/tag/tatar-mitolojisi/","",""
"https://sanatkaravani.com/tag/surele/","",""
"https://sanatkaravani.com/tag/turk-mitolojisi/","",""
"https://sanatkaravani.com/tag/hiroji-kubota/","",""
"https://sanatkaravani.com/simdi-omrumun-bir-tek-gayesi-var-bir-gun-evvel-sana-kavusmak-sabahattin-ali/","",""
"https://sanatkaravani.com/puantiyeli-ve-renkli-dunyalarin-kralicesi-yayoi-kusama/","",""
"https://sanatkaravani.com/tag/surale/","",""
"https://sanatkaravani.com/yalniz-huznu-vardir-kalbi-olanin-ilhami-cicek/","",""
"https://sanatkaravani.com/i-love-ny-logosunun-yaraticisi-milton-glaser/","",""
"https://sanatkaravani.com/tag/kamuflaj/","",""
"https://sanatkaravani.com/tag/cecilia-paredes/","",""
"https://sanatkaravani.com/tag/portre/","",""
"https://sanatkaravani.com/insan-kiyafet-almak-icin-calisan-tek-hayvandir-cesare-pavese/","",""
"https://sanatkaravani.com/tag/agnes-richter/","",""
"https://sanatkaravani.com/zamanda-edebi-bir-seyahat-derde-deva-randevu/","",""
"https://sanatkaravani.com/tag/nizar-kabbani/","",""
"https://sanatkaravani.com/tag/federico-garcia-lorca/","",""
"https://sanatkaravani.com/tag/ispanya/","",""
"https://sanatkaravani.com/neden-aci-cekilmeden-sevisilmez-mayakovski/","",""
"https://sanatkaravani.com/mucadeleden-yilmak-yok-tezer-ozluden-leyla-erbile-mektuplar/","",""
"https://sanatkaravani.com/tag/nazi-almanyasi/","",""
"https://sanatkaravani.com/sevginin-sozu-degil-kendi-gerek-bilge-karasu/","",""
"https://sanatkaravani.com/tag/paul-celan/","",""
"https://sanatkaravani.com/her-yanda-oyle-bir-tekduzelik-var-ki-insanin-gonlu-bunaliyor-sergey-yesenin/","",""
"https://sanatkaravani.com/tag/dunyada-ziyaret-edilmemesi-gereken-9-ilginc-yer/","",""
"https://sanatkaravani.com/tag/ahmed-samlu/","",""
"https://sanatkaravani.com/vitaly-butyrinin-siirsel-fotomontajlari/","",""
"https://sanatkaravani.com/author/sevilates/page/15/","",""
"https://sanatkaravani.com/author/sevilates/page/16/","",""
"https://sanatkaravani.com/tag/william-klein/","",""
"https://sanatkaravani.com/bedenin-goze-direnisi-hannah-wilke/","",""
"https://sanatkaravani.com/yalnizligi-fotografa-donusturen-sanatci-kyle-thompson/","",""
"https://sanatkaravani.com/cinsiyetsizligi-calismalarina-yukleyen-sanatci-claude-cahun/","",""
"https://sanatkaravani.com/cumhuriyet-tarihinde-bir-kadin-fotografci-yildiz-moran/","",""
"https://sanatkaravani.com/fotograf-esasinda-toplumsal-bir-ritueldir-boris-ignatovitch/","",""
"https://sanatkaravani.com/yeni-bir-dunyanin-fotografcisi-brassai/","",""
"https://sanatkaravani.com/fotografcilik-dunyanin-her-yerinde-anlasilan-tek-dildir-bruno-barbey/","",""
"https://sanatkaravani.com/author/sevilates/page/7/","",""
"https://sanatkaravani.com/author/sevilates/page/6/","",""
"https://sanatkaravani.com/on-yila-sigdirilan-bir-beden-francesca-woodman/","",""
"https://sanatkaravani.com/tag/kizilotesi/","",""
"https://sanatkaravani.com/tag/roma/","",""
"https://sanatkaravani.com/tag/milena-jesenska/","",""
"https://sanatkaravani.com/fotograf-bir-olumun-tarihidir-chris-killip/","",""
"https://sanatkaravani.com/tek-kisilik-sehir-sanghayin-terkedilisinin-fotografi/","",""
"https://sanatkaravani.com/tag/karantina/","",""
"https://sanatkaravani.com/tag/home-muralfest/","",""
"https://sanatkaravani.com/tag/jacoba-niepoort/","",""
"https://sanatkaravani.com/tag/pandemi/","",""
"https://sanatkaravani.com/avusturyanin-mona-lisasi-altinli-kadin/","",""
"https://sanatkaravani.com/tag/israil/","",""
"https://sanatkaravani.com/tag/jean-cocteau/","",""
"https://sanatkaravani.com/tag/bir-sairin-kani/","",""
"https://sanatkaravani.com/tag/muze/","",""
"https://sanatkaravani.com/tag/hollanda/","",""
"https://sanatkaravani.com/tag/panama/","",""
"https://sanatkaravani.com/tag/kanada/","",""
"https://sanatkaravani.com/tag/mimarlik/","",""
"https://sanatkaravani.com/tag/bjarke-ingels/","",""
"https://sanatkaravani.com/tag/ozbekistan-metrosu/","",""
"https://sanatkaravani.com/tag/sato/","",""
"https://sanatkaravani.com/tag/miniature-calendar/","",""
"https://sanatkaravani.com/tag/tatsuka-tanaya/","",""
"https://sanatkaravani.com/zoetropla-yeniden-dogmak-masumlarin-katli/","",""
"https://sanatkaravani.com/tag/diaja/","",""
"https://sanatkaravani.com/tag/ceres-henry/","",""
"https://sanatkaravani.com/tag/misir/","",""
"https://sanatkaravani.com/tag/yunan/","",""
"https://sanatkaravani.com/tag/inuit/","",""
"https://sanatkaravani.com/tag/didem-madak/","",""
"https://sanatkaravani.com/tag/kizilderili/","",""
"https://sanatkaravani.com/tag/turk/","",""
"https://sanatkaravani.com/bir-kadinin-gozunden-tabulari-yikacak-cinsellik-algisi/","",""
"https://sanatkaravani.com/tag/jupiter/","",""
"https://sanatkaravani.com/tag/mission-juno/","",""
"https://sanatkaravani.com/tag/daniela-thomas/","",""
"https://sanatkaravani.com/tag/brezilya/","",""
"https://sanatkaravani.com/tag/yabanci-topraklar/","",""
"https://sanatkaravani.com/tag/terra-estrangeira/","",""
"https://sanatkaravani.com/tag/leonard-freed/","",""
"https://sanatkaravani.com/tag/walter-salles/","",""
"https://sanatkaravani.com/tag/iglo/","",""
"https://sanatkaravani.com/tag/tatqim/","",""
"https://sanatkaravani.com/tag/eskimo/","",""
"https://sanatkaravani.com/tag/sedna/","",""
"https://sanatkaravani.com/tag/seqinek/","",""
"https://sanatkaravani.com/tag/miyako-ishiuchi/","",""
"https://sanatkaravani.com/tag/tower-of-babel/","",""
"https://sanatkaravani.com/tag/babil-kulesi/","",""
"https://sanatkaravani.com/tag/sumerler/","",""
"https://sanatkaravani.com/tag/bonfire-night/","",""
"https://sanatkaravani.com/tag/guy-fawkes/","",""
"https://sanatkaravani.com/tag/v-for-vendetta/","",""
"https://sanatkaravani.com/tag/iii-vlad/","",""
"https://sanatkaravani.com/tag/barut-komplosu/","",""
"https://sanatkaravani.com/tag/dracula/","",""
"https://sanatkaravani.com/tag/ii-mehmed/","",""
"https://sanatkaravani.com/tag/kont-dracula/","",""
"https://sanatkaravani.com/tag/nosferatu/","",""
"https://sanatkaravani.com/tag/vlad-tepes/","",""
"https://sanatkaravani.com/tag/ibn-fadlan/","",""
"https://sanatkaravani.com/tag/seyahatname/","",""
"https://sanatkaravani.com/tag/patrick-swayze/","",""
"https://sanatkaravani.com/tag/itil-bulgarlari/","",""
"https://sanatkaravani.com/yoksullugun-gorsel-dili-rodrigo-moya/","",""
"https://sanatkaravani.com/tag/oguzlar/","",""
"https://sanatkaravani.com/tag/eski-turkler/","",""
"https://sanatkaravani.com/tag/ozdemir-asaf/","",""
"https://sanatkaravani.com/tag/mevhibe-beyat/","",""
"https://sanatkaravani.com/tag/lavinia/","",""
"https://sanatkaravani.com/tag/sen-hic-ates-bocegi-gordun-mu/","",""
"https://sanatkaravani.com/tag/demet-akbag/","",""
"https://sanatkaravani.com/tag/yilmaz-erdogan/","",""
"https://sanatkaravani.com/tag/agit/","",""
"https://sanatkaravani.com/tag/giotto/","",""
"https://sanatkaravani.com/tag/lemantation/","",""
"https://sanatkaravani.com/tag/atina-okulu/","",""
"https://sanatkaravani.com/tag/arete/","",""
"https://sanatkaravani.com/tag/sokrates/","",""
"https://sanatkaravani.com/tag/jacques-louis-david/","",""
"https://sanatkaravani.com/tag/diamon/","",""
"https://sanatkaravani.com/tag/sokratesin-olumu/","",""
"https://sanatkaravani.com/tag/hilary-swank/","",""
"https://sanatkaravani.com/tag/freedom-writers/","",""
"https://sanatkaravani.com/tag/aysegul/","",""
"https://sanatkaravani.com/tag/oscar/","",""
"https://sanatkaravani.com/tag/gilbert-delahay/","",""
"https://sanatkaravani.com/tag/ozgurluk-yazarlari/","",""
"https://sanatkaravani.com/tag/marcel-marlier/","",""
"https://sanatkaravani.com/tag/sabahattin-ali/","",""
"https://sanatkaravani.com/tag/marvel/","",""
"https://sanatkaravani.com/tag/wonder-woman/","",""
"https://sanatkaravani.com/tag/sanat-karavani/page/37/","",""
"https://sanatkaravani.com/tag/anna-coleman-ladd/","",""
"https://sanatkaravani.com/tag/sanat-karavani/page/38/","",""
"https://sanatkaravani.com/tag/fotograf/page/5/","",""
"https://sanatkaravani.com/olaylarin-esiginde-bir-fotografci-rene-burri/","",""
"https://sanatkaravani.com/tag/fotograf/page/4/","",""
"https://sanatkaravani.com/tag/sanat-cin/","",""
"https://sanatkaravani.com/tag/mao-zedung/","",""
"https://sanatkaravani.com/tag/li-zhensheng/","",""
"https://sanatkaravani.com/resimdeyim-ama-resim-degilim-bruce-davidson/","",""
"https://sanatkaravani.com/tag/sanat-karavanai/","",""
"https://sanatkaravani.com/tag/sanat-karavani/page/4/","",""
"https://sanatkaravani.com/tag/sanat-karavani/page/5/","",""
"https://sanatkaravani.com/tag/graciela-iturbide/","",""
"https://sanatkaravani.com/tag/sanat/page/18/","",""
"https://sanatkaravani.com/tag/fotograf/page/11/","",""
"https://sanatkaravani.com/tag/fotograf/page/10/","",""
"https://sanatkaravani.com/tag/sanat/page/4/","",""
"https://sanatkaravani.com/tag/sanat/page/17/","",""
"https://sanatkaravani.com/tag/sanat/page/5/","",""
"https://sanatkaravani.com/tag/iki-bacakli-at/","",""
"https://sanatkaravani.com/tag/londradan-gelen-adam/","",""
"https://sanatkaravani.com/tag/bela-tarr/","",""
"https://sanatkaravani.com/tag/samira-makhmalbaf/","",""
"https://sanatkaravani.com/tag/autumn-sonata/","",""
"https://sanatkaravani.com/tag/yaban-cilekleri/","",""
"https://sanatkaravani.com/tag/guz-sonati/","",""
"https://sanatkaravani.com/tek-yaptigim-tiksinerek-korkakligima-ozurler-bulmak-karhozad-filmi/","",""
"https://sanatkaravani.com/tag/theremin/","",""
"https://sanatkaravani.com/tag/seikilos-agidi/","",""
"https://sanatkaravani.com/tag/vivaldi/","",""
"https://sanatkaravani.com/tag/lenardo-frigo/","",""
"https://sanatkaravani.com/tag/georges-perec/","",""
"https://sanatkaravani.com/tag/babaya-mektuplar/","",""
"https://sanatkaravani.com/tag/uyuyan-adam-sanat-karavani/","",""
"https://sanatkaravani.com/tag/sifir-noktasinda-kadin/","",""
"https://sanatkaravani.com/tag/neval-el-seddavi/","",""
"https://sanatkaravani.com/tag/karadeniz/","",""
"https://sanatkaravani.com/tag/cernobil/","",""
"https://sanatkaravani.com/tag/kazim-koyuncu/","",""
"https://sanatkaravani.com/tag/elisabeth-moss/","",""
"https://sanatkaravani.com/tag/hulu/","",""
"https://sanatkaravani.com/tag/damizlik-kizin-oykusu/","",""
"https://sanatkaravani.com/tag/margaret-atwood/","",""
"https://sanatkaravani.com/tag/the-handmaids-tale/","",""
"https://sanatkaravani.com/tag/chernobyl/","",""
"https://sanatkaravani.com/tag/cernobil-kazasi/","",""
"https://sanatkaravani.com/tag/rusya/","",""
"https://sanatkaravani.com/tag/pripyat/","",""
"https://sanatkaravani.com/tag/berkun-oya/","",""
"https://sanatkaravani.com/tag/oyku-karayel/","",""
"https://sanatkaravani.com/tag/fatih-artman/","",""
"https://sanatkaravani.com/tag/bir-baskadir/","",""
"https://sanatkaravani.com/tag/funda-eryigit/","",""
"https://sanatkaravani.com/tag/rivyali-geralt/","",""
"https://sanatkaravani.com/tag/the-witcher/","",""
"https://sanatkaravani.com/tag/henryk-ross/","",""
"https://sanatkaravani.com/tag/kirlangiclar/","",""
"https://sanatkaravani.com/tag/jane-eyre/","",""
"https://sanatkaravani.com/tag/anne-with-an-e/","",""
"https://sanatkaravani.com/iyi-hayaller-iyi-fotograflara-yol-acan-seydir-wayne-miller/","",""
"https://sanatkaravani.com/tag/mark-wollyn/","",""
"https://sanatkaravani.com/tag/yulia-brodskaya/","",""
"https://sanatkaravani.com/tag/kagit-katlama/","",""
"https://sanatkaravani.com/tag/uyku-felci/","",""
"https://sanatkaravani.com/tag/nicolas-buno/","",""
"https://sanatkaravani.com/tag/grafik-tasarim/","",""
"https://sanatkaravani.com/tag/afis/","",""
"https://sanatkaravani.com/tag/msgsu/","",""
"https://sanatkaravani.com/tag/yurdaer-altintas/","",""
"https://sanatkaravani.com/tag/paula-scher/","",""
"https://sanatkaravani.com/tag/logo/","",""
"https://sanatkaravani.com/tag/new-york/","",""
"https://sanatkaravani.com/tag/tipografi/","",""
"https://sanatkaravani.com/tag/paul-cezanne/","",""
"https://sanatkaravani.com/tag/fernando-botero/","",""
"https://sanatkaravani.com/tag/mona-lisa/","",""
"https://sanatkaravani.com/tag/yercekimi/","",""
"https://sanatkaravani.com/tag/cinta-vidal/","",""
"https://sanatkaravani.com/oyun-hamurundan-resim-yaratmak-murat-kosemen/","",""
"https://sanatkaravani.com/tag/alain-keler/","",""
"https://sanatkaravani.com/tag/performans/","",""
"https://sanatkaravani.com/tag/sinema/page/2/","",""
"https://sanatkaravani.com/tag/marina-abramovic/","",""
"https://sanatkaravani.com/tag/sergio-larrain/","",""
"https://sanatkaravani.com/tag/sinema/page/3/","",""
"https://sanatkaravani.com/category/fotograf/page/10/","",""
"https://sanatkaravani.com/fotografi-siire-donusturen-bir-adam-duane-michals/","",""
"https://sanatkaravani.com/fotografcilik-studyoda-degil-sokaklarda-olur-bernard-plossu/","",""
"https://sanatkaravani.com/hakikat-varolanin-acikligidir-georgi-zelma/","",""
"https://sanatkaravani.com/dislanmislarin-cirkinlerin-ve-olulerin-fotografcisi-witkin/","",""
"https://sanatkaravani.com/fotograf-sinirlarin-yikilmasiyla-baslar-jens-jull/","",""
"https://sanatkaravani.com/1800lerin-yoksullugunda-new-yorka-bakmak-jacob-riis/","",""
"https://sanatkaravani.com/fotograf-sanatcinin-aynasi-olmalidir-ihei-kimura/","",""
"https://sanatkaravani.com/category/fotograf/page/11/","",""
"https://sanatkaravani.com/tag/denise-grunstein/","",""
"https://sanatkaravani.com/yoksullugu-dramatize-etmeden-vermek-fotografcinin-asli-gorevidir-helen-levitt/","",""
"https://sanatkaravani.com/tag/monica-bellucci/","",""
"https://sanatkaravani.com/tag/irreversible/","",""
"https://sanatkaravani.com/tag/vincent-cassel/","",""
"https://sanatkaravani.com/tag/gaspar-noe/","",""
"https://sanatkaravani.com/tag/abbas/","",""
"https://sanatkaravani.com/tag/iran-devrimi/","",""
"https://sanatkaravani.com/tag/kurban/","",""
"https://sanatkaravani.com/birini-sevmenin-hakiki-degeri-kendinden-vazgecmene-izin-vermesidir-abbas-kiarostami/","",""
"https://sanatkaravani.com/tag/offret/","",""
"https://sanatkaravani.com/bir-bekleyis-filmi-ruzgar-bizi-surukleyecek-abbas-kiyarustemi/","",""
"https://sanatkaravani.com/tag/isleme-sanati/","",""
"https://sanatkaravani.com/tag/han-cao/","",""
"https://sanatkaravani.com/tag/nakis/","",""
"https://sanatkaravani.com/tag/rob-woodcox/","",""
"https://sanatkaravani.com/tag/berengo-gardin/","",""
"https://sanatkaravani.com/category/fotograf/page/6/","",""
"https://sanatkaravani.com/tag/gordon-parks/","",""
"https://sanatkaravani.com/tag/delicatessen/","",""
"https://sanatkaravani.com/tag/sarkuteri/","",""
"https://sanatkaravani.com/tag/eugeni-forcano/","",""
"https://sanatkaravani.com/tag/leon/","",""
"https://sanatkaravani.com/tag/mathilda/","",""
"https://sanatkaravani.com/tag/zafer-yollari/","",""
"https://sanatkaravani.com/tag/reha-erdem/","",""
"https://sanatkaravani.com/tag/a-ay/","",""
"https://sanatkaravani.com/tag/kim-ki-duk/","",""
"https://sanatkaravani.com/tag/spring-summer-fall-winter-and-spring/","",""
"https://sanatkaravani.com/tag/guney-kore/","",""
"https://sanatkaravani.com/tag/the-isle/","",""
"https://sanatkaravani.com/tag/seom/","",""
"https://sanatkaravani.com/tag/clint-mansell/","",""
"https://sanatkaravani.com/tag/jared-leto/","",""
"https://sanatkaravani.com/tag/bir-ruya-icin-agit/","",""
"https://sanatkaravani.com/tag/psikanaliz/","",""
"https://sanatkaravani.com/tag/requiem-for-a-dream/","",""
"https://sanatkaravani.com/tag/spike-jonze/","",""
"https://sanatkaravani.com/tag/her/","",""
"https://sanatkaravani.com/tag/aleksandras-macijauskas/","",""
"https://sanatkaravani.com/tag/resim/page/2/","",""
"https://sanatkaravani.com/tag/torino-ati/","",""
"https://sanatkaravani.com/tag/marion-post-wolcott/","",""
"https://sanatkaravani.com/tag/shrin-neshat/","",""
"https://sanatkaravani.com/tag/albino/","",""
"https://sanatkaravani.com/tag/justin-dingwall/","",""
"https://sanatkaravani.com/tag/vitiligo/","",""
"https://sanatkaravani.com/tag/david-verberckt/","",""
"https://sanatkaravani.com/tag/erich-lessing/","",""
"https://sanatkaravani.com/tag/sanat-karavan/","",""
"https://sanatkaravani.com/tag/fan-ho/","",""
"https://sanatkaravani.com/category/fotograf/page/7/","",""
"https://sanatkaravani.com/cingenelerin-fotografcisi-josef-koudelka/","",""
"https://sanatkaravani.com/bir-fotografin-ruhuna-degmek-istiyorsan-ciplak-olmalisin-inge-morath/","",""
"https://sanatkaravani.com/gercek-soylediginde-suslenmesine-gerek-yoktur-james-nachtwey/","",""
"https://sanatkaravani.com/bir-fotografcinin-gorevi-dile-getirilemeyen-kelimeleri-aktarmaktir-hiroshi-hamaya/","",""
"https://sanatkaravani.com/tag/eugene-smith/","",""
"https://sanatkaravani.com/tag/andrzej-mazur/","",""
"https://sanatkaravani.com/tag/william-turner/","",""
"https://sanatkaravani.com/tag/resim-sanat/","",""
"https://sanatkaravani.com/tag/rosa-bonheur/","",""
"https://sanatkaravani.com/tag/andriaen-brower/","",""
"https://sanatkaravani.com/tag/julio-romero-de-torres/","",""
"https://sanatkaravani.com/tag/kaplumbaga-terbiyecisi/","",""
"https://sanatkaravani.com/tag/edhem-eldem/","",""
"https://sanatkaravani.com/tag/osman-hamdi-bey/","",""
"https://sanatkaravani.com/tag/akdeniz/","",""
"https://sanatkaravani.com/tag/john-frederick-lewis/","",""
"https://sanatkaravani.com/tag/paolo-troilo/","",""
"https://sanatkaravani.com/tag/intihar/","",""
"https://sanatkaravani.com/tag/edouard-leve/","",""
"https://sanatkaravani.com/tag/bafta/","",""
"https://sanatkaravani.com/tag/blade-runner/","",""
"https://sanatkaravani.com/tag/don-kisot/","",""
"https://sanatkaravani.com/tag/heaven-and-hell/","",""
"https://sanatkaravani.com/tag/cosmos/","",""
"https://sanatkaravani.com/tag/vangelis/","",""
"https://sanatkaravani.com/tag/fuzuli/","",""
"https://sanatkaravani.com/tag/tasavvuf/","",""
"https://sanatkaravani.com/tag/sanco/","",""
"https://sanatkaravani.com/tag/divan-edebiyati/","",""
"https://sanatkaravani.com/tag/j-r-r-tolkien/","",""
"https://sanatkaravani.com/tag/marillion/","",""
"https://sanatkaravani.com/tag/misplaced-childhood/","",""
"https://sanatkaravani.com/tag/tolkien/","",""
"https://sanatkaravani.com/bir-olumun-fotografini-cekmek-yosuke-yamahata/","",""
"https://sanatkaravani.com/tag/silmarillion/","",""
"https://sanatkaravani.com/tag/trans-siberian-orchestra/","",""
"https://sanatkaravani.com/tag/beethoven/","",""
"https://sanatkaravani.com/tag/onuncu-senfoni/","",""
"https://sanatkaravani.com/tag/savatage/","",""
"https://sanatkaravani.com/tag/the-bards-song/","",""
"https://sanatkaravani.com/tag/blind-guardian/","",""
"https://sanatkaravani.com/tag/stalker/","",""
"https://sanatkaravani.com/tag/lord-of-the-rings/","",""
"https://sanatkaravani.com/tag/dance-macabre/","",""
"https://sanatkaravani.com/tag/olum/","",""
"https://sanatkaravani.com/tag/dans/","",""
"https://sanatkaravani.com/tag/dogtooth/","",""
"https://sanatkaravani.com/tag/kopek-disi/","",""
"https://sanatkaravani.com/tag/yorgos-lanthimos/","",""
"https://sanatkaravani.com/tag/mahershala-ali/","",""
"https://sanatkaravani.com/tag/viggo-mortensen/","",""
"https://sanatkaravani.com/tag/green-book/","",""
"https://sanatkaravani.com/tag/kobanya/","",""
"https://sanatkaravani.com/tag/andrey-rublev/","",""
"https://sanatkaravani.com/tag/bill-brandt/","",""
"https://sanatkaravani.com/tag/elise/","",""
"https://sanatkaravani.com/tag/moonlight-sonata/","",""
"https://sanatkaravani.com/tag/ayisigi-sonati/","",""
"https://sanatkaravani.com/tag/dort-mevsim/","",""
"https://sanatkaravani.com/tag/doga/","",""
"https://sanatkaravani.com/tag/eric-roux-fontaine/","",""
"https://sanatkaravani.com/tag/boyle-buyurdu-zerdust/","",""
"https://sanatkaravani.com/hikayelerle-surrealist-fotograflar-yaratan-bir-sanatci-patty-maher/","",""
"https://sanatkaravani.com/tag/ubermensch/","",""
"https://sanatkaravani.com/tag/goethe/","",""
"https://sanatkaravani.com/tag/ustinsan/","",""
"https://sanatkaravani.com/tag/kolera-gunlerinde-ask/","",""
"https://sanatkaravani.com/tag/ichiro-kojima/","",""
"https://sanatkaravani.com/tag/aska-dair/","",""
"https://sanatkaravani.com/tag/stendhal/","",""
"https://sanatkaravani.com/tag/irvin-d-yalom/","",""
"https://sanatkaravani.com/tag/nietzsche-agladiginda/","",""
"https://sanatkaravani.com/tag/dorian-gray/","",""
"https://sanatkaravani.com/tag/oscar-wilde/","",""
"https://sanatkaravani.com/tag/tezer-ozlu/","",""
"https://sanatkaravani.com/tag/eski-bahce-eski-sevgi/","",""
"https://sanatkaravani.com/tag/genc-wertherin-acilari/","",""
"https://sanatkaravani.com/tag/oruc-oruoba/","",""
"https://sanatkaravani.com/tag/ile/","",""
"https://sanatkaravani.com/tag/birhan-keskin/","",""
"https://sanatkaravani.com/tag/fakir-kene/","",""
"https://sanatkaravani.com/tag/giresun/","",""
"https://sanatkaravani.com/tag/rize/","",""
"https://sanatkaravani.com/tag/artvin/","",""
"https://sanatkaravani.com/tag/trabzon/","",""
"https://sanatkaravani.com/tag/ordu/","",""
"https://sanatkaravani.com/yoksullastirilmis-hiclige-mahkum-edilmis-insanlarin-fotografcisi-matt-black/","",""
"https://sanatkaravani.com/tag/rb/","",""
"https://sanatkaravani.com/tag/2000ler-hip-hop/","",""
"https://sanatkaravani.com/tag/the-beatles/","",""
"https://sanatkaravani.com/tag/2000s/","",""
"https://sanatkaravani.com/tag/guns-and-roses/","",""
"https://sanatkaravani.com/tag/klasik-rock/","",""
"https://sanatkaravani.com/tag/nirvana/","",""
"https://sanatkaravani.com/tag/hip-hop/","",""
"https://sanatkaravani.com/hayatimin-anlami-koca-bir-hic-bergman/","",""
"https://sanatkaravani.com/dunyayi-bir-tek-utanc-kurtarabilir-bergman/","",""
"https://sanatkaravani.com/tag/90lar/","",""
"https://sanatkaravani.com/tag/rap/","",""
"https://sanatkaravani.com/tag/turkce-pop/","",""
"https://sanatkaravani.com/tag/korn/","",""
"https://sanatkaravani.com/tag/rammstein/","",""
"https://sanatkaravani.com/tag/metal/","",""
"https://sanatkaravani.com/tag/metal-muzik/","",""
"https://sanatkaravani.com/tag/slipknot/","",""
"https://sanatkaravani.com/tag/bilim/","",""
"https://sanatkaravani.com/tag/90lar-turkce-pop/","",""
"https://sanatkaravani.com/tag/lepra-hastanesi/","",""
"https://sanatkaravani.com/tag/turkan-saylan/","",""
"https://sanatkaravani.com/tag/doksanlar/","",""
"https://sanatkaravani.com/tag/kardelen/","",""
"https://sanatkaravani.com/dunyayi-sadece-yildizlar-aydinlatsaydi-nasil-gorunurdu/","",""
"https://sanatkaravani.com/otelerden-bir-bakisla-nazim-hikmet/","",""
"https://sanatkaravani.com/tag/nasa/","",""
"https://sanatkaravani.com/tag/hildegard-von-bingen/","",""
"https://sanatkaravani.com/tag/feminist/","",""
"https://sanatkaravani.com/tag/marie-curie/","",""
"https://sanatkaravani.com/tag/kursun/","",""
"https://sanatkaravani.com/tag/icat/","",""
"https://sanatkaravani.com/tag/thomas-midgley/","",""
"https://sanatkaravani.com/tag/steve-jobs/","",""
"https://sanatkaravani.com/tag/jorgen-vig-knudstorp/","",""
"https://sanatkaravani.com/tag/lego/","",""
"https://sanatkaravani.com/tag/renk/","",""
"https://sanatkaravani.com/tag/slavoj-zizek/","",""
"https://sanatkaravani.com/tag/richard-sapper/","",""
"https://sanatkaravani.com/tag/aristo/","",""
"https://sanatkaravani.com/tag/mutluluk/","",""
"https://sanatkaravani.com/tag/nietzsche/","",""
"https://sanatkaravani.com/tag/ferdinand-porsche/","",""
"https://sanatkaravani.com/tag/eristik-diyalektik/","",""
"https://sanatkaravani.com/tag/tartismak/","",""
"https://sanatkaravani.com/tag/arthur-schopenhauer/","",""
"https://sanatkaravani.com/tag/dialectica-eristica/","",""
"https://sanatkaravani.com/tag/soen/","",""
"https://sanatkaravani.com/tag/lotus/","",""
"https://sanatkaravani.com/tag/lykaia/","",""
"https://sanatkaravani.com/tag/lotr/","",""
"https://sanatkaravani.com/eski-sozluk-sayfalarina-cizilmis-illustrasyonlar-bedenin-yeniden-dogusu/","",""
"https://sanatkaravani.com/tag/star-wars/","",""
"https://sanatkaravani.com/tag/harry-potter/","",""
"https://sanatkaravani.com/tag/fantastik/","",""
"https://sanatkaravani.com/tag/yuzuklerin-efendisi/","",""
"https://sanatkaravani.com/tag/inglourious-basterds/","",""
"https://sanatkaravani.com/tag/pulp-fiction/","",""
"https://sanatkaravani.com/tag/reservoir-dogs/","",""
"https://sanatkaravani.com/tag/kill-bill/","",""
"https://sanatkaravani.com/tag/kafka/","",""
"https://sanatkaravani.com/tag/seven-samurai/","",""
"https://sanatkaravani.com/tag/gabriel-garcia-marquez/","",""
"https://sanatkaravani.com/tag/george-orwell/","",""
"https://sanatkaravani.com/tag/dunya-sinemasi/","",""
"https://sanatkaravani.com/tag/animasyon/","",""
"https://sanatkaravani.com/tag/shrek/","",""
"https://sanatkaravani.com/tag/soul/","",""
"https://sanatkaravani.com/bir-eskiz-defterinin-seruvenine-misafir-olmak-dina-brodsky/","",""
"https://sanatkaravani.com/tag/coco/","",""
"https://sanatkaravani.com/tag/buz-devri/","",""
"https://sanatkaravani.com/tag/kuantum/","",""
"https://sanatkaravani.com/tag/kutlecekimi/","",""
"https://sanatkaravani.com/tag/genel-gorelelik/","",""
"https://sanatkaravani.com/tag/django-unchained/","",""
"https://sanatkaravani.com/tag/otoportre/","",""
"https://sanatkaravani.com/tag/on-uc-gun-mektuplari/","",""
"https://sanatkaravani.com/acida-yitmek-benim-kaderim-ahmet-arif/","",""
"https://sanatkaravani.com/tag/cemal-sureya/","",""
"https://sanatkaravani.com/tag/sally-storch/","",""
"https://sanatkaravani.com/fotografa-yeni-bir-sey-katmadiginiz-surece-fotograf-sizi-yok-edecektir-dina-bova/","",""
"https://sanatkaravani.com/tag/kyle-bice/","",""
"https://sanatkaravani.com/yunan-mitolojisinin-umutsuz-cicegi-gunebakan/","",""
"https://sanatkaravani.com/tag/the-last-supper/","",""
"https://sanatkaravani.com/tag/artemisia-gentileschi/","",""
"https://sanatkaravani.com/tag/son-aksam-yemegi/","",""
"https://sanatkaravani.com/tag/nazim-hikmet/","",""
"https://sanatkaravani.com/tag/yahuda-iskariot/","",""
"https://sanatkaravani.com/tag/nevhiz-tanyeli/","",""
"https://sanatkaravani.com/tag/asik-veysel/","",""
"https://sanatkaravani.com/tag/turk-ressam/","",""
"https://sanatkaravani.com/devrimin-ve-kadinlarin-fotografcisi-lola/","",""
"https://sanatkaravani.com/tag/graffiti/","",""
"https://sanatkaravani.com/tag/sokak-sanati/","",""
"https://sanatkaravani.com/tag/ciglik/","",""
"https://sanatkaravani.com/gerceklik-kendi-yabanci-zeminini-fotografta-aciga-cikarir-jacob-aue-sobol/","",""
"https://sanatkaravani.com/tag/plastilin/","",""
"https://sanatkaravani.com/gercekci-fotograflar-alisilmis-gorme-bicimi-yikar-walker-evans/","",""
"https://sanatkaravani.com/tag/oyun-hamuru/","",""
"https://sanatkaravani.com/tag/murat-kosemen/","",""
"https://sanatkaravani.com/yersiz-yurtsuz-bir-fotografci-hossein-zare-ile-siirsel-bir-yolculuk/","",""
"https://sanatkaravani.com/category/fotograf/page/9/","",""
"https://sanatkaravani.com/propagandadan-uzak-gercekci-bir-goz-valery-faminsky/","",""
"https://sanatkaravani.com/bir-trajediyi-fotografa-yuklemek-vsevolod-tarasevich/","",""
"https://sanatkaravani.com/iranli-fotografci-sahadi-ghadrianin-gozunden-modern-kadin-celiskisi/","",""
"https://sanatkaravani.com/category/fotograf/page/8/","",""
"https://sanatkaravani.com/insan-yasadigi-cagin-trajikliginden-uzaklasamaz-willy-ronis/","",""
"https://sanatkaravani.com/yikimlarin-esiginde-bir-fotografci-werner-bischof/","",""
"https://sanatkaravani.com/tag/duane-michals/","",""
"https://sanatkaravani.com/alman-avangard-fotografciliginda-bir-sair-toni-schneiders/","",""
"https://sanatkaravani.com/tag/bernard-plossu/","",""
"https://sanatkaravani.com/author/sevilates/page/9/","",""
"https://sanatkaravani.com/tag/brassai/","",""
"https://sanatkaravani.com/tag/bruno-barbey/","",""
"https://sanatkaravani.com/author/sevilates/page/8/","",""
"https://sanatkaravani.com/tag/francesca-woodman/","",""
"https://sanatkaravani.com/tag/chris-killip/","",""
"https://sanatkaravani.com/tag/sanghay/","",""
"https://sanatkaravani.com/tag/korona/","",""
"https://sanatkaravani.com/tag/nicoco/","",""
"https://sanatkaravani.com/tag/adele-bloch-bauer/","",""
"https://sanatkaravani.com/tag/altinli-kadin/","",""
"https://sanatkaravani.com/tag/gustav-klimt/","",""
"https://sanatkaravani.com/tag/ruben/","",""
"https://sanatkaravani.com/tag/zeotrop/","",""
"https://sanatkaravani.com/tag/cinsellik/","",""
"https://sanatkaravani.com/tag/sara-larusso/","",""
"https://sanatkaravani.com/tag/feminizm/","",""
"https://sanatkaravani.com/tag/rodrigo-moya/","",""
"https://sanatkaravani.com/yalnizlik-coklukta-gizlidir-dave-heath/","",""
"https://sanatkaravani.com/tag/sanat-karavani/page/35/","",""
"https://sanatkaravani.com/sessizligin-icerisinde-bir-sair-edouart-boubat/","",""
"https://sanatkaravani.com/sinemasal-bir-dunyayi-yakalayan-fotografci-emil-gataullin/","",""
"https://sanatkaravani.com/izole-edilmis-bir-halkin-fotografcisi-costas-balafas/","",""
"https://sanatkaravani.com/savas-alanlarinin-otesinde-bir-kadin-fotografci-kathe-buhcler/","",""
"https://sanatkaravani.com/tag/sanat-karavani/page/36/","",""
"https://sanatkaravani.com/nereye-gidersem-gideyim-dokundugum-her-sey-trajediye-donusuyor-don-mccullin/","",""
"https://sanatkaravani.com/fotograf-yasamin-ruhudur-garcia-rodero/","",""
"https://sanatkaravani.com/tag/fotograf/page/6/","",""
"https://sanatkaravani.com/fotografcilik-bilinmeyen-bir-imgenin-pesine-dusmektir-eduardo-gageiro/","",""
"https://sanatkaravani.com/bir-aciyi-fotografa-yuklemek-david-seymour/","",""
"https://sanatkaravani.com/tag/fotograf/page/7/","",""
"https://sanatkaravani.com/tag/rene-burri/","",""
"https://sanatkaravani.com/fotograf-kederdir-dmitri-baltermants/","",""
"https://sanatkaravani.com/tag/sanat/page/16/","",""
"https://sanatkaravani.com/tag/bruce-davidson/","",""
"https://sanatkaravani.com/tag/sanat-karavani/page/6/","",""
"https://sanatkaravani.com/tag/fotograf/page/9/","",""
"https://sanatkaravani.com/tag/sanat-karavani/page/7/","",""
"https://sanatkaravani.com/tag/fotograf/page/8/","",""
"https://sanatkaravani.com/yunanistanda-bir-sair-constantine-manos/","",""
"https://sanatkaravani.com/tag/sanat/page/15/","",""
"https://sanatkaravani.com/tag/sanat/page/6/","",""
"https://sanatkaravani.com/tag/karhozad-filmi/","",""
"https://sanatkaravani.com/tag/sanat/page/7/","",""
"https://sanatkaravani.com/tag/wayne-miller/","",""
"https://sanatkaravani.com/tag/georgi-zelma/","",""
"https://sanatkaravani.com/tag/joel-peter-witkin/","",""
"https://sanatkaravani.com/tag/jens-jull/","",""
"https://sanatkaravani.com/tag/jacob-riis/","",""
"https://sanatkaravani.com/tag/ihei-kimura/","",""
"https://sanatkaravani.com/tag/helen-levitt/","",""
"https://sanatkaravani.com/tag/abbas-kiyarustemi/","",""
"https://sanatkaravani.com/tag/ruzgar-bizi-surukleyecek/","",""
"https://sanatkaravani.com/tag/asli-gibidir/","",""
"https://sanatkaravani.com/tag/abbas-kiarostami/","",""
"https://sanatkaravani.com/tag/josef-koudelka/","",""
"https://sanatkaravani.com/macaristanin-issizliginda-bir-fotografci-erno-vadas/","",""
"https://sanatkaravani.com/feodal-duzenden-ozgur-yasama-gecen-bir-halkin-fotografi-max-penson/","",""
"https://sanatkaravani.com/bir-hikayeyi-yansitmak-sizi-sanatci-yapmaz-onu-yasamak-zorundasiniz-ata-kando/","",""
"https://sanatkaravani.com/tag/james-nachtwey/","",""
"https://sanatkaravani.com/tag/inge-morath/","",""
"https://sanatkaravani.com/tag/hiroshi-hamaya/","",""
"https://sanatkaravani.com/tag/karavani/","",""
"https://sanatkaravani.com/tozlu-yollarin-yoksullarin-fotografcisi-nikos-economopoulos/","",""
"https://sanatkaravani.com/tag/patty-maher/","",""
"https://sanatkaravani.com/tag/yosuke-yamahata/","",""
"https://sanatkaravani.com/tag/matt-black/","",""
"https://sanatkaravani.com/tag/kis-isigi/","",""
"https://sanatkaravani.com/tag/utanc/","",""
"https://sanatkaravani.com/tag/yildiz/","",""
"https://sanatkaravani.com/tag/thierry-cohen/","",""
"https://sanatkaravani.com/tag/deniz/","",""
"https://sanatkaravani.com/tag/sevda/","",""
"https://sanatkaravani.com/tag/vera/","",""
"https://sanatkaravani.com/tag/vintage/","",""
"https://sanatkaravani.com/tag/eskiz/","",""
"https://sanatkaravani.com/tag/dina-brodsky/","",""
"https://sanatkaravani.com/tag/dina-bova/","",""
"https://sanatkaravani.com/tag/leyla-erbile-mektuplar/","",""
"https://sanatkaravani.com/tag/apollon/","",""
"https://sanatkaravani.com/tag/ahmet-arif/","",""
"https://sanatkaravani.com/tag/gunebakan/","",""
"https://sanatkaravani.com/tag/leucothoe/","",""
"https://sanatkaravani.com/tag/clytie/","",""
"https://sanatkaravani.com/tag/zeus/","",""
"https://sanatkaravani.com/tag/aycicegi/","",""
"https://sanatkaravani.com/tag/jacob-aue-sobol/","",""
"https://sanatkaravani.com/tag/chopstick/","",""
"https://sanatkaravani.com/tag/cin-kulturu/","",""
"https://sanatkaravani.com/tag/kuai-zi/","",""
"https://sanatkaravani.com/tag/alex-majoli/","",""
"https://sanatkaravani.com/tag/yasamak-guzel-sey-be-kardesim/","",""
"https://sanatkaravani.com/tag/korlesme/","",""
"https://sanatkaravani.com/tag/elias-canetti/","",""
"https://sanatkaravani.com/tag/istanbulun-fethi/","",""
"https://sanatkaravani.com/tag/rise-of-empires-ottoman/","",""
"https://sanatkaravani.com/tag/cem-yigit-uzumoglu/","",""
"https://sanatkaravani.com/tag/birkan-sokullu/","",""
"https://sanatkaravani.com/tag/riusuke-fukahori/","",""
"https://sanatkaravani.com/tag/goldfish/","",""
"https://sanatkaravani.com/tag/recine/","",""
"https://sanatkaravani.com/tag/resine/","",""
"https://sanatkaravani.com/tag/lyalya-kuznetsova/","",""
"https://sanatkaravani.com/yok-sayilmislarin-unutulmuslarin-fotografcisi-lu-nan/","",""
"https://sanatkaravani.com/tag/mor/","",""
"https://sanatkaravani.com/tag/bizans/","",""
"https://sanatkaravani.com/bir-savasin-ardindan-duygulari-arayan-fotografci-ken-domon/","",""
"https://sanatkaravani.com/tag/klavdij-sluban/","",""
"https://sanatkaravani.com/tag/rimaldas-viksraitis/","",""
"https://sanatkaravani.com/tag/gocmus-kediler-bahcesi/","",""
"https://sanatkaravani.com/tag/bilge-karasu/","",""
"https://sanatkaravani.com/tag/erich-fromm/","",""
"https://sanatkaravani.com/tag/canim-aliye-ruhum-filiz/","",""
"https://sanatkaravani.com/tag/sabahattain-al/","",""
"https://sanatkaravani.com/tag/japon-sanatci/","",""
"https://sanatkaravani.com/tag/puantiye/","",""
"https://sanatkaravani.com/tag/yayoi-kusama/","",""
"https://sanatkaravani.com/tag/ilhami-cicek/","",""
"https://sanatkaravani.com/tag/i-love-ny/","",""
"https://sanatkaravani.com/tag/yalniz-kadinlar-arasinda/","",""
"https://sanatkaravani.com/tag/cesare-pavese/","",""
"https://sanatkaravani.com/tag/derde-deva-randevu/","",""
"https://sanatkaravani.com/tag/hakan-karatas/","",""
"https://sanatkaravani.com/tag/milton-glaser/","",""
"https://sanatkaravani.com/tag/murat-mentes/","",""
"https://sanatkaravani.com/tag/mayakovski/","",""
"https://sanatkaravani.com/tag/rus-siiri/","",""
"https://sanatkaravani.com/tag/vitaly-butyrin/","",""
"https://sanatkaravani.com/tag/leyla-erbil/","",""
"https://sanatkaravani.com/tag/tezer-ozluden-leyla-erbile-mektuplar/","",""
"https://sanatkaravani.com/tag/sergey-yesenin/","",""
"https://sanatkaravani.com/author/sevilates/page/13/","",""
"https://sanatkaravani.com/fotograf-gerceklikle-yuz-yuze-gelmenin-baska-bir-yoludur-marketta-luskacova/","",""
"https://sanatkaravani.com/siyah-beyaz-bir-fotografin-siirsel-seklidir-larry-towel/","",""
"https://sanatkaravani.com/author/sevilates/page/14/","",""
"https://sanatkaravani.com/fotografla-gercekligi-soyutlamak-giacomelli/","",""
"https://sanatkaravani.com/fotografta-gercek-bir-sairin-gozu-joseph-mckenzie/","",""
"https://sanatkaravani.com/tag/hannah-wilke/","",""
"https://sanatkaravani.com/tag/kyle-thompson/","",""
"https://sanatkaravani.com/fotografla-nesnelerin-suretini-yeniden-yaratmak-keiichi-tahara/","",""
"https://sanatkaravani.com/tag/claude-cahun/","",""
"https://sanatkaravani.com/tag/cinsiyet/","",""
"https://sanatkaravani.com/tag/yildiz-moran/","",""
"https://sanatkaravani.com/tag/boris-ignatovitch/","",""
"https://sanatkaravani.com/tag/don-mccullin/","",""
"https://sanatkaravani.com/tag/garcia-rodero/","",""
"https://sanatkaravani.com/tag/sanat-sanat-karavani/","",""
"https://sanatkaravani.com/tag/eduardo-gageiro/","",""
"https://sanatkaravani.com/tag/sanat-karavani/page/33/","",""
"https://sanatkaravani.com/tag/sanat-karavani/page/34/","",""
"https://sanatkaravani.com/tag/edouart-boubat/","",""
"https://sanatkaravani.com/tag/emil-gataullin/","",""
"https://sanatkaravani.com/tag/costas-balafas/","",""
"https://sanatkaravani.com/tag/erno-vadas/","",""
"https://sanatkaravani.com/tag/sanat/page/9/","",""
"https://sanatkaravani.com/tag/sanat/page/8/","",""
"https://sanatkaravani.com/tag/sanat/page/13/","",""
"https://sanatkaravani.com/tag/constantine-manos/","",""
"https://sanatkaravani.com/tag/sanat/page/14/","",""
"https://sanatkaravani.com/tag/sanat-karavani/page/9/","",""
"https://sanatkaravani.com/tag/dmitri-baltermants/","",""
"https://sanatkaravani.com/tag/david-seymour/","",""
"https://sanatkaravani.com/tag/dave-heath/","",""
"https://sanatkaravani.com/author/sevilates/page/11/","",""
"https://sanatkaravani.com/author/sevilates/page/10/","",""
"https://sanatkaravani.com/tag/sanat-karavani/page/8/","",""
"https://sanatkaravani.com/tag/toni-schneiders/","",""
"https://sanatkaravani.com/tag/werner-bischof/","",""
"https://sanatkaravani.com/tag/willy-ronis/","",""
"https://sanatkaravani.com/halkin-sefaleti-guzellik-fotografcisinin-estetigiyle-zittir-nacho-lopez/","",""
"https://sanatkaravani.com/yalin-bir-dunyanin-kapilarini-aralayan-sanatci-pepi-merisio/","",""
"https://sanatkaravani.com/fotograflar-uzak-durdugumuz-gerceklikle-yuz-yuze-kalmamizi-saglar-michal-cala/","",""
"https://sanatkaravani.com/zamanin-acimasizliklarina-ortak-olmak-philips-jones-griffiths/","",""
"https://sanatkaravani.com/bir-donusumun-fotografa-yansimasi-yalnizlik/","",""
"https://sanatkaravani.com/fotograf-gercekligi-yansitan-bir-gostergedir-piergiorgio-branzi/","",""
"https://sanatkaravani.com/tag/shadi-ghadrian/","",""
"https://sanatkaravani.com/fotografin-konusu-her-zaman-goruntuden-daha-onemlidir-nick-hedges/","",""
"https://sanatkaravani.com/tag/vsevolod-tarasevich/","",""
"https://sanatkaravani.com/tag/valery-faminsky/","",""
"https://sanatkaravani.com/bir-fotografa-duyguyu-yukleyebilmek-yang-yankang/","",""
"https://sanatkaravani.com/bir-ifade-bicimi-olarak-umudu-yeniden-var-edebilmek-roger-mayne/","",""
"https://sanatkaravani.com/fotograflar-hep-gecmisi-anlatir-gecmis-ise-aciyi-yukler-bedene-roman-vishniac/","",""
"https://sanatkaravani.com/estetik-kaygilardan-uzak-bir-dunyayi-yansitabilmek-pirkle-jones/","",""
"https://sanatkaravani.com/fotografci-bos-gozlerle-dolanan-insana-hayati-gosterendir-robert-doisneau/","",""
"https://sanatkaravani.com/yoksul-sokaklari-arsinlayan-bir-kadin-fotografci-shirley-baker/","",""
"https://sanatkaravani.com/resimsel-bir-soyutlamanin-dehlizinde-direnc-gosteren-fotograflar-tamiko-nishimura/","",""
"https://sanatkaravani.com/tag/hossein-zare/","",""
"https://sanatkaravani.com/degisen-bir-dunyayi-anlatmak-arkady-shaikhet/","",""
"https://sanatkaravani.com/tarihsel-gerceklikte-fotograf-bir-manipuledir-yevgeny-khaldei/","",""
"https://sanatkaravani.com/bir-cografyaya-sinen-huznu-anlatabilmek-raghu-rai/","",""
"https://sanatkaravani.com/tag/walker-evans/","",""
"https://sanatkaravani.com/tag/keiichi-tahara/","",""
"https://sanatkaravani.com/tag/joseph-mckenzie/","",""
"https://sanatkaravani.com/tag/mario-giacomelli/","",""
"https://sanatkaravani.com/tag/larry-towel/","",""
"https://sanatkaravani.com/author/sevilates/page/12/","",""
"https://sanatkaravani.com/tag/marketta-luskacova/","",""
"https://sanatkaravani.com/tag/ken-domon/","",""
"https://sanatkaravani.com/tag/lu-nan/","",""
"https://sanatkaravani.com/tag/nikos-economopoulos/","",""
"https://sanatkaravani.com/tag/ata-kando/","",""
"https://sanatkaravani.com/tag/max-penson/","",""
"https://sanatkaravani.com/tag/kathe-buhcler/","",""
"https://sanatkaravani.com/tag/raghu-rai/","",""
"https://sanatkaravani.com/tag/yevgeny-khaldei/","",""
"https://sanatkaravani.com/tag/arkady-shaikhet/","",""
"https://sanatkaravani.com/tag/tamiko-nishimura/","",""
"https://sanatkaravani.com/tag/shirley-baker/","",""
"https://sanatkaravani.com/tag/robert-doisneau/","",""
"https://sanatkaravani.com/tag/pirkle-jones/","",""
"https://sanatkaravani.com/tag/roman-vishniac/","",""
"https://sanatkaravani.com/tag/roger-mayne/","",""
"https://sanatkaravani.com/tag/yang-yankang/","",""
"https://sanatkaravani.com/tag/pepi-merisio/","",""
"https://sanatkaravani.com/tag/michal-cala/","",""
"https://sanatkaravani.com/tag/nacho-lopez/","",""
"https://sanatkaravani.com/tag/sanat/page/10/","",""
"https://sanatkaravani.com/tag/sanat-karavani/page/11/","",""
"https://sanatkaravani.com/tag/sanat/page/12/","",""
"https://sanatkaravani.com/tag/sanat/page/11/","",""
"https://sanatkaravani.com/tag/nick-hedges/","",""
"https://sanatkaravani.com/tag/sanat-karavani/page/31/","",""
"https://sanatkaravani.com/tag/sanat-karavani/page/32/","",""
"https://sanatkaravani.com/tag/piergiorgio-branzi/","",""
"https://sanatkaravani.com/tag/sanat-karavani/page/10/","",""
"https://sanatkaravani.com/tag/neal-slavin/","",""
"https://sanatkaravani.com/tag/philips-jones-griffiths/","",""
"https://sanatkaravani.com/tag/sanat-karavani/page/30/","",""
"https://sanatkaravani.com/tag/sanat-karavani/page/29/","",""
"https://sanatkaravani.com/tag/sanat-karavani/page/12/","",""
"https://sanatkaravani.com/tag/sanat-karavani/page/13/","",""
"https://sanatkaravani.com/tag/sanat-karavani/page/14/","",""
"https://sanatkaravani.com/tag/sanat-karavani/page/27/","",""
"https://sanatkaravani.com/tag/sanat-karavani/page/28/","",""
"https://sanatkaravani.com/tag/sanat-karavani/page/15/","",""
"https://sanatkaravani.com/tag/sanat-karavani/page/26/","",""
"https://sanatkaravani.com/tag/sanat-karavani/page/25/","",""
"https://sanatkaravani.com/tag/sanat-karavani/page/16/","",""
"https://sanatkaravani.com/tag/sanat-karavani/page/17/","",""
"https://sanatkaravani.com/tag/sanat-karavani/page/24/","",""
"https://sanatkaravani.com/tag/sanat-karavani/page/23/","",""
"https://sanatkaravani.com/tag/sanat-karavani/page/22/","",""
"https://sanatkaravani.com/tag/sanat-karavani/page/21/","",""
"https://sanatkaravani.com/tag/sanat-karavani/page/19/","",""
"https://sanatkaravani.com/tag/sanat-karavani/page/20/","",""
"https://sanatkaravani.com/tag/sanat-karavani/page/18/","",""
